path,type
"/data/user/0/com.xingin.xhs",directory
"/data/user_de/0/com.xingin.xhs",directory
"/data/app/com.xingin.xhs-Bcv5je8yGMmBwYcnEkNcsw==/lib/arm64",directory
"/data/app/com.xingin.xhs-Bcv5je8yGMmBwYcnEkNcsw==/base.apk!/lib/arm64-v8a",directory
"/data/app/com.xingin.xhs-Bcv5je8yGMmBwYcnEkNcsw==/split_config.arm64_v8a.apk!/lib/arm64-v8a",directory
"/data/app/com.xingin.xhs-Bcv5je8yGMmBwYcnEkNcsw==/split_config.xxhdpi.apk!/lib/arm64-v8a",directory
"/data/app/com.xingin.xhs-Bcv5je8yGMmBwYcnEkNcsw==/base.apk",file
"/data/app/com.xingin.xhs-Bcv5je8yGMmBwYcnEkNcsw==/split_config.arm64_v8a.apk",file
"/data/app/com.xingin.xhs-Bcv5je8yGMmBwYcnEkNcsw==/split_config.xxhdpi.apk",file
"/data/app/com.xingin.xhs-Bcv5je8yGMmBwYcnEkNcsw==/oat/arm64/base.odex",file
"/data/app/com.xingin.xhs-Bcv5je8yGMmBwYcnEkNcsw==/oat/arm64/base.vdex",file
"/data/app/com.xingin.xhs-Bcv5je8yGMmBwYcnEkNcsw==/lib/arm64ï¿½ï¿½ï¿½ï¿½ï¿½ï¿½Dï¿½ï¿½pï¿½ï¿½ï¿½ï¿½",directory
"/data/data/com.xingin.xhsï¿½ï¿½ï¿½ï¿½ï¿½ï¿½ï¿½@ï¿½ï¿½ï¿½pï¿½ï¿½ï¿½ï¿½ï¿½ï¿½ï¿½ï¿½ï¿½ï¿½ï¿½ï¿½ï¿½ï¿½ï¿½ï¿½ï¿½ï¿½ï¿½ï¿½ï¿½ï¿½ï¿½ï¿½ï¿½ï¿½`ï¿½ï¿½ï¿½pï¿½ï¿½ï¿½ï¿½ï¿½ï¿½ï¿½ï¿½ï¿½ï¿½ï¿½ï¿½ï¿½ï¿½ï¿½ï¿½ï¿½ï¿½ï¿½ï¿½ï¿½ï¿½ï¿½ï¿½ï¿½ï¿½ï¿½ï¿½ï¿½ï¿½pï¿½ï¿½ï¿½ï¿½ï¿½ï¿½ï¿½ï¿½ï¿½ï¿½ï¿½ï¿½ï¿½ï¿½ï¿½ï¿½ï¿½ï¿½ï¿½ï¿½ï¿½ï¿½ï¿½ï¿½ï¿½ï¿½ï¿½ï¿½ï¿½ï¿½pï¿½ï¿½ï¿½ï¿½ï¿½ï¿½ï¿½ï¿½ï¿½ï¿½ï¿½ï¿½ï¿½ï¿½ï¿½ï¿½ï¿½ï¿½ï¿½ï¿½ï¿½ï¿½ï¿½ï¿½ï¿½ï¿½ï¿½ï¿½ï¿½ï¿½pï¿½ï¿½ï¿½ï¿½ï¿½ï¿½ï¿½ï¿½ï¿½ï¿½ï¿½ï¿½ï¿½ï¿½ï¿½ï¿½ï¿½ï¿½ï¿½ï¿½ï¿½ï¿½ï¿½ï¿½ï¿½ï¿½ï¿½ï¿½ï¿½ï¿½pï¿½ï¿½ï¿½ï¿½ï¿½ï¿½ï¿½ï¿½ï¿½ï¿½ï¿½ï¿½ï¿½ï¿½ï¿½ï¿½ï¿½ï¿½ï¿½ï¿½ï¿½ï¿½ï¿½ï¿½ï¿½ï¿½ï¿½ï¿½ï¿½ï¿½pï¿½ï¿½ï¿½ï¿½ï¿½ï¿½ï¿½ï¿½ï¿½ï¿½ï¿½ï¿½ï¿½ï¿½ï¿½ï¿½ï¿½ï¿½ï¿½ï¿½ï¿½ï¿½ï¿½ï¿½ï¿½ï¿½",directory
"/data/data/com.xingin.xhsï¿½ï¿½ï¿½ï¿½ï¿½ï¿½ï¿½ï¿½ï¿½ï¿½ï¿½pï¿½ï¿½ï¿½ï¿½ï¿½ï¿½ï¿½ï¿½ï¿½ï¿½ï¿½ï¿½ï¿½ï¿½ï¿½ï¿½ï¿½ï¿½ï¿½ï¿½ï¿½ï¿½ï¿½ï¿½ï¿½ï¿½",directory
"/data/app/com.xingin.xhs-Bcv5je8yGMmBwYcnEkNcsw==/lib/arm64ï¿½ï¿½ï¿½ï¿½ï¿½@ï¿½ï¿½pï¿½ï¿½ï¿½ï¿½ï¿½ï¿½ï¿½ï¿½ï¿½ï¿½ï¿½ï¿½ï¿½ï¿½ï¿½ï¿½ï¿½ï¿½ï¿½ï¿½ï¿½ï¿½ï¿½ï¿½ï¿½ï¿½ï¿½ï¿½ï¿½ï¿½ï¿½ï¿½ï¿½ï¿½ï¿½ï¿½ï¿½ï¿½ï¿½ï¿½ï¿½ï¿½ï¿½ï¿½ï¿½ï¿½ï¿½ï¿½ï¿½ï¿½ï¿½ï¿½ï¿½ï¿½ï¿½ï¿½ï¿½ï¿½ï¿½ï¿½ï¿½pï¿½ï¿½ï¿½ï¿½ï¿½È»ï¿½SlibRS.soï¿½ï¿½ï¿½ï¿½ï¿½ï¿½ï¿½ï¿½ï¿½ï¿½ï¿½ï¿½ï¿½ï¿½ï¿½ï¿½ï¿½ï¿½ï¿½ï¿½ï¿½ï¿½ï¿½ï¿½ï¿½ï¿½ï¿½ï¿½ï¿½ï¿½ï¿½ï¿½ï¿½ï¿½ï¿½ï¿½ï¿½ï¿½ï¿½ï¿½ï¿½ï¿½pï¿½ï¿½ï¿½ï¿½pï¿½C",directory
"/data/misc/profiles/cur/0/com.xingin.xhs",directory
"/data/misc/profiles/cur/0/com.xingin.xhs/config.xxhdpi.split.prof",directory
"/data/misc/profiles/cur/0/com.xingin.xhs/config.arm64_v8a.split.prof",directory
"/data/misc/profiles/cur/0/com.xingin.xhs/primary.prof",file
"/data/user/0/com.xingin.xhs/cache",directory
"/data/user_de/0/com.xingin.xhs/code_cache",directory
"/data/user_de/0/com.xingin.xhs/code_cache/com.android.opengl.shaders_cache",file
"/data/user_de/0/com.xingin.xhs/code_cache/com.android.skia.shaders_cache",file
"/data/user/0/com.xingin.xhs/shared_prefs",directory
"/data/user/0/com.xingin.xhs/shared_prefs/sub_process_sp.xml",file
"/data/user/0/com.xingin.xhs/shared_prefs/sub_process_sp.xml.bak",file
"/data/user/0/com.xingin.xhs/shared_prefs/safe_mode_sp.xml",file
"/data/user/0/com.xingin.xhs/shared_prefs/safe_mode_sp.xml.bak",file
"/data/user/0/com.xingin.xhs/files",directory
"/data/user/0/com.xingin.xhs/files/app_safe_mode",directory
"/data/user/0/com.xingin.xhs/files/app_safe_mode/apm_enter_file",directory
"/data/user/0/com.xingin.xhs/files/app_safe_mode/cold_start_counter",file
"/data/user/0/com.xingin.xhs/files/app_safe_mode/crash_counter",file
"/data/user/0/com.xingin.xhs/files/app_safe_mode/safe_log_storage",file
"/data/user/0/com.xingin.xhs/shared_prefs/language_config.xml",file
"/data/user/0/com.xingin.xhs/shared_prefs/language_config.xml.bak",file
"/data/user/0/com.xingin.xhs/shared_prefs/language.xml",file
"/data/user/0/com.xingin.xhs/shared_prefs/language.xml.bak",file
"/data/user/0/com.xingin.xhs/shared_prefs/sp_cold_start.xml",file
"/data/user/0/com.xingin.xhs/shared_prefs/sp_cold_start.xml.bak",file
"/data/user/0/com.xingin.xhs/files/sentry-event",directory
"/storage/emulated/0/Android/data/com.xingin.xhs",directory
"/storage/emulated/0/Android/data/com.xingin.xhs/cache",directory
"/storage/emulated/0/Android/data/com.xingin.xhs/cache/sentry-coredump",directory
"/storage/emulated/0/Android/data/com.xingin.xhs/cache/sentry-event",directory
"/data/user/0/com.xingin.xhs/files/sentry-record/",directory
"/data/app/com.xingin.xhs-Bcv5je8yGMmBwYcnEkNcsw==/lib/arm64/libsentry-record.so",file
"/data/app/com.xingin.xhs-Bcv5je8yGMmBwYcnEkNcsw==/lib/arm64/libshadowhook.so",file
"/data/app/com.xingin.xhs-Bcv5je8yGMmBwYcnEkNcsw==/lib/arm64/libbytehook.so",file
"/data/app/com.xingin.xhs-Bcv5je8yGMmBwYcnEkNcsw==/lib/arm64/libsentry-hook.so",file
"/data/app/com.xingin.xhs-Bcv5je8yGMmBwYcnEkNcsw==/lib/arm64/libsentry.so",file
"/data/app/com.xingin.xhs-Bcv5je8yGMmBwYcnEkNcsw==/lib/arm64/libsentry-fd-monitor.so",file
"/data/app/com.xingin.xhs-Bcv5je8yGMmBwYcnEkNcsw==/lib/arm64/libxdl.so",file
"/data/app/com.xingin.xhs-Bcv5je8yGMmBwYcnEkNcsw==/lib/arm64/libmmkv2.so",file
"/data/app/com.xingin.xhs-Bcv5je8yGMmBwYcnEkNcsw==/lib/arm64/libnetdiagnose.so",file
"/data/app/com.xingin.xhs-Bcv5je8yGMmBwYcnEkNcsw==/lib/arm64/libxyhttpdns.so",file
"/data/app/com.xingin.xhs-Bcv5je8yGMmBwYcnEkNcsw==/lib/arm64/libsecurebase.so",file
"/data/app/com.xingin.xhs-Bcv5je8yGMmBwYcnEkNcsw==/lib/arm64/libxy_experiment.so",file
"/data/app/com.xingin.xhs-Bcv5je8yGMmBwYcnEkNcsw==/lib/arm64/libxy_configcenter.so",file
"/data/app/com.xingin.xhs-Bcv5je8yGMmBwYcnEkNcsw==/lib/arm64/libxylog.so",file
"/data/app/com.xingin.xhs-Bcv5je8yGMmBwYcnEkNcsw==/lib/arm64/libxyasf.so",file
"/data/app/com.xingin.xhs-Bcv5je8yGMmBwYcnEkNcsw==/lib/arm64/libxyass.so",file
"/data/app/com.xingin.xhs-Bcv5je8yGMmBwYcnEkNcsw==/lib/arm64/libtiny.so",file
"/data/app/com.xingin.xhs-Bcv5je8yGMmBwYcnEkNcsw==/lib/arm64/libreddb.so",file
"/data/app/com.xingin.xhs-Bcv5je8yGMmBwYcnEkNcsw==/lib/arm64/libc++_shared.so",file
"/data/app/com.xingin.xhs-Bcv5je8yGMmBwYcnEkNcsw==/lib/arm64/libopen_hook.so",file
"/data/app/com.xingin.xhs-Bcv5je8yGMmBwYcnEkNcsw==/lib/arm64/libredffmpeg.so",file
"/data/app/com.xingin.xhs-Bcv5je8yGMmBwYcnEkNcsw==/lib/arm64/libtuner.so",file
"/data/app/com.xingin.xhs-Bcv5je8yGMmBwYcnEkNcsw==/lib/arm64/libredpreload.so",file
"/data/app/com.xingin.xhs-Bcv5je8yGMmBwYcnEkNcsw==/lib/arm64/libredbase.so",file
"/data/app/com.xingin.xhs-Bcv5je8yGMmBwYcnEkNcsw==/lib/arm64/libreddownload.so",file
"/data/app/com.xingin.xhs-Bcv5je8yGMmBwYcnEkNcsw==/lib/arm64/libredstrategycenter.so",file
"/data/app/com.xingin.xhs-Bcv5je8yGMmBwYcnEkNcsw==/lib/arm64/librednqe.so",file
"/data/app/com.xingin.xhs-Bcv5je8yGMmBwYcnEkNcsw==/lib/arm64/libxyheif.so",file
"/data/app/com.xingin.xhs-Bcv5je8yGMmBwYcnEkNcsw==/lib/arm64/libheif.so",file
"/data/app/com.xingin.xhs-Bcv5je8yGMmBwYcnEkNcsw==/lib/arm64/libplayertools.so",file
"/data/app/com.xingin.xhs-Bcv5je8yGMmBwYcnEkNcsw==/lib/arm64/libopensource.so",file
"/data/app/com.xingin.xhs-Bcv5je8yGMmBwYcnEkNcsw==/lib/arm64/libopenrender.so",file
"/data/app/com.xingin.xhs-Bcv5je8yGMmBwYcnEkNcsw==/lib/arm64/libopendecoder.so",file
"/data/app/com.xingin.xhs-Bcv5je8yGMmBwYcnEkNcsw==/lib/arm64/libredplayer.so",file
"/data/app/com.xingin.xhs-Bcv5je8yGMmBwYcnEkNcsw==/lib/arm64/libmarsxlog.so",file
"/data/app/com.xingin.xhs-Bcv5je8yGMmBwYcnEkNcsw==/lib/arm64/libxhslonglink.so",file
"/data/app/com.xingin.xhs-Bcv5je8yGMmBwYcnEkNcsw==/lib/arm64/libcronet.114.0.5735.38.so",file
"/data/app/com.xingin.xhs-Bcv5je8yGMmBwYcnEkNcsw==/lib/arm64/libimagepipeline.so",file
"/data/app/com.xingin.xhs-Bcv5je8yGMmBwYcnEkNcsw==/lib/arm64/libnative-imagetranscoder.so",file
"/data/app/com.xingin.xhs-Bcv5je8yGMmBwYcnEkNcsw==/lib/arm64/libj2v8.so",file
"/data/app/com.xingin.xhs-Bcv5je8yGMmBwYcnEkNcsw==/lib/arm64/libchopper_v2.so",file
"/data/app/com.xingin.xhs-Bcv5je8yGMmBwYcnEkNcsw==/lib/arm64/libRed3DGRender.so",file
"/data/app/com.xingin.xhs-Bcv5je8yGMmBwYcnEkNcsw==/lib/arm64/libXHSNN.so",file
"/data/app/com.xingin.xhs-Bcv5je8yGMmBwYcnEkNcsw==/lib/arm64/libblade.so",file
"/data/app/com.xingin.xhs-Bcv5je8yGMmBwYcnEkNcsw==/lib/arm64/libhermes.so",file
"/data/app/com.xingin.xhs-Bcv5je8yGMmBwYcnEkNcsw==/lib/arm64/libjsi.so",file
"/data/app/com.xingin.xhs-Bcv5je8yGMmBwYcnEkNcsw==/lib/arm64/libfbjni.so",file
"/data/app/com.xingin.xhs-Bcv5je8yGMmBwYcnEkNcsw==/lib/arm64/libfolly_runtime.so",file
"/data/app/com.xingin.xhs-Bcv5je8yGMmBwYcnEkNcsw==/lib/arm64/libglog.so",file
"/data/app/com.xingin.xhs-Bcv5je8yGMmBwYcnEkNcsw==/lib/arm64/libhermes_executor.so",file
"/data/app/com.xingin.xhs-Bcv5je8yGMmBwYcnEkNcsw==/lib/arm64/libreactnativejni.so",file
"/data/app/com.xingin.xhs-Bcv5je8yGMmBwYcnEkNcsw==/lib/arm64/libjsinspector.so",file
"/data/app/com.xingin.xhs-Bcv5je8yGMmBwYcnEkNcsw==/lib/arm64/libreactperfloggerjni.so",file
"/data/app/com.xingin.xhs-Bcv5je8yGMmBwYcnEkNcsw==/lib/arm64/liblogger.so",file
"/data/app/com.xingin.xhs-Bcv5je8yGMmBwYcnEkNcsw==/lib/arm64/libreact_render_runtimescheduler.so",file
"/data/app/com.xingin.xhs-Bcv5je8yGMmBwYcnEkNcsw==/lib/arm64/libreact_render_core.so",file
"/data/app/com.xingin.xhs-Bcv5je8yGMmBwYcnEkNcsw==/lib/arm64/libreact_render_debug.so",file
"/data/app/com.xingin.xhs-Bcv5je8yGMmBwYcnEkNcsw==/lib/arm64/libreact_render_graphics.so",file
"/data/app/com.xingin.xhs-Bcv5je8yGMmBwYcnEkNcsw==/lib/arm64/libreact_render_mapbuffer.so",file
"/data/app/com.xingin.xhs-Bcv5je8yGMmBwYcnEkNcsw==/lib/arm64/libreact_utils.so",file
"/data/app/com.xingin.xhs-Bcv5je8yGMmBwYcnEkNcsw==/lib/arm64/libglog_init.so",file
"/data/app/com.xingin.xhs-Bcv5je8yGMmBwYcnEkNcsw==/lib/arm64/libreact_debug.so",file
"/data/app/com.xingin.xhs-Bcv5je8yGMmBwYcnEkNcsw==/lib/arm64/libruntimeexecutor.so",file
"/data/app/com.xingin.xhs-Bcv5je8yGMmBwYcnEkNcsw==/lib/arm64/libyoga.so",file
"/data/app/com.xingin.xhs-Bcv5je8yGMmBwYcnEkNcsw==/lib/arm64/libfb.so",file
"/data/app/com.xingin.xhs-Bcv5je8yGMmBwYcnEkNcsw==/lib/arm64/libhammerbridge.so",file
"/data/app/com.xingin.xhs-Bcv5je8yGMmBwYcnEkNcsw==/lib/arm64/libmodelprofile.so",file
"/data/app/com.xingin.xhs-Bcv5je8yGMmBwYcnEkNcsw==/lib/arm64/libscalpel.so",file
"/data/app/com.xingin.xhs-Bcv5je8yGMmBwYcnEkNcsw==/lib/arm64/libsliver.so",file
"/data/app/com.xingin.xhs-Bcv5je8yGMmBwYcnEkNcsw==/lib/arm64/libxysponge_core.so",file
"/data/app/com.xingin.xhs-Bcv5je8yGMmBwYcnEkNcsw==/lib/arm64/libargus.so",file
"/data/app/com.xingin.xhs-Bcv5je8yGMmBwYcnEkNcsw==/lib/arm64/libxhs_unwind.so",file
"/data/app/com.xingin.xhs-Bcv5je8yGMmBwYcnEkNcsw==/lib/arm64/libcjson.so",file
"/data/app/com.xingin.xhs-Bcv5je8yGMmBwYcnEkNcsw==/lib/arm64/libxyyoga.so",file
"/data/app/com.xingin.xhs-Bcv5je8yGMmBwYcnEkNcsw==/lib/arm64/libhttpdns.so",file
"/data/app/com.xingin.xhs-Bcv5je8yGMmBwYcnEkNcsw==/lib/arm64/liblib_native_bridge.so",file
"/data/app/com.xingin.xhs-Bcv5je8yGMmBwYcnEkNcsw==/lib/arm64/libInsightWrapper.so",file
"/data/app/com.xingin.xhs-Bcv5je8yGMmBwYcnEkNcsw==/lib/arm64/libzeusEngine.so",file
"/data/app/com.xingin.xhs-Bcv5je8yGMmBwYcnEkNcsw==/lib/arm64/libpng16.so",file
"/data/app/com.xingin.xhs-Bcv5je8yGMmBwYcnEkNcsw==/lib/arm64/libfreetype.so",file
"/data/app/com.xingin.xhs-Bcv5je8yGMmBwYcnEkNcsw==/lib/arm64/libxhsgraphicemobile_jni.so",file
"/data/app/com.xingin.xhs-Bcv5je8yGMmBwYcnEkNcsw==/lib/arm64/libares.so",file
"/data/user/0/com.xingin.xhs/app_webview_com.xingin.xhs/BrowserMetrics-spare.pma.tmp",file
"/data/user/0/com.xingin.xhs/app_webview_com.xingin.xhs/BrowserMetrics-spare.pma",file
"/data/user/0/com.xingin.xhs/app_webview_com.xingin.xhs/.com.google.Chrome.ref8c7",directory
"/data/user/0/com.xingin.xhs/app_webview_com.xingin.xhs/BrowserMetrics/BrowserMetrics-693E7FEB-85E.pma",directory
"/data/user/0/com.xingin.xhs/app_webview_com.xingin.xhs/pref_store",file
"/data/user/0/com.xingin.xhs/app_webview_com.xingin.xhs/BrowserMetrics/BrowserMetrics-693E8159-209D.pma",file
"/data/user/0/com.xingin.xhs/files/capa/data_cacheï¿½ï¿½ï¿½ï¿½ï¿½ï¿½Cqï¿½ï¿½ï¿½ï¿½ï¿½ï¿½ï¿½ï¿½`%ï¿½ï¿½qï¿½ï¿½ï¿½ï¿½ï¿½ï¿½ï¿½ï¿½ï¿½ï¿½ï¿½ï¿½ï¿½ï¿½ï¿½ï¿½ï¿½ï¿½ï¿½ï¿½ï¿½ï¿½ï¿½ï¿½ï¿½ï¿½ï¿½ï¿½p%ï¿½ï¿½%ï¿½ï¿½ï¿½ï¿½ï¿½ï¿½ï¿½ï¿½ï¿½ï¿½ï¿½ï¿½",directory
"/data/com.xingin.xhs/files/capaï¿½ï¿½ï¿½ï¿½ï¿½ï¿½ï¿½X",directory
"/data/com.xingin.xhs/files/XHSX",directory
"/storage/emulated/0/Android/data/com.xingin.xhs/files/capaï¿½ï¿½ï¿½ï¿½ï¿½ï¿½ï¿½X",directory
"/storage/emulated/0/Android/data/com.xingin.xhs/files/XHSX",directory
"/Android/data/com.xingin.xhs/files/capaï¿½ï¿½ï¿½ï¿½ï¿½ï¿½ï¿½X",directory
"/Android/data/com.xingin.xhs/files/XHSX",directory
"/data/user/0/com.xingin.xhs/files/capa/material/FONT/2348ï¿½pï¿½ï¿½ï¿½ï¿½ï¿½ï¿½Xï¿½ï¿½ï¿½ï¿½",directory
"/data/user/0/com.xingin.xhs/files/capa/material/FONT/3788Gcï¿½ï¿½ï¿½ï¿½X",directory
"/data/user/0/com.xingin.xhs/files/capa/material/FONT/portrait-semi-boldï¿½8Gcï¿½ï¿½ï¿½ï¿½ï¿½Xï¿½Xï¿½ï¿½ï¿½0Xhï¿½qï¿½ï¿½ï¿½ï¿½ï¿½ï¿½ï¿½ï¿½^=H`=ï¿½ï¿½ï¿½ï¿½X",directory
"/data/user/0/com.xingin.xhs/files/capa/material/FONT/1628Gcï¿½ï¿½ï¿½ï¿½",directory
"/data/user/0/com.xingin.xhs/files/capa/material/FONTï¿½ï¿½8rqï¿½ï¿½ï¿½ï¿½ï¿½",directory
"/data/user/0/com.xingin.xhs/files/longlink_log/com.xingin.xhs_longlink_log_cache/com.xingin.xhs_20251214.xlogï¿½ï¿½ï¿½ï¿½ï¿½ï¿½ï¿½ï¿½ï¿½ï¿½ï¿½ï¿½ï¿½ï¿½ï¿½ï¿½ï¿½ï¿½ï¿½ï¿½ï¿½ï¿½ï¿½ï¿½ï¿½ï¿½ï¿½ï¿½ï¿½ï¿½ï¿½ï¿½ï¿½ï¿½ï¿½ï¿½ï¿½ï¿½ï¿½ï¿½ï¿½ï¿½ï¿½ï¿½ï¿½ï¿½ï¿½ï¿½ï¿½ï¿½ï¿½ï¿½ï¿½ï¿½ï¿½ï¿½ï¿½ï¿½ï¿½ï¿½ï¿½ï¿½ï¿½ï¿½ï¿½ï¿½ï¿½ï¿½ï¿½ï¿½ï¿½ï¿½ï¿½ï¿½ï¿½ï¿½ï¿½ï¿½ï¿½ï¿½ï¿½ï¿½ï¿½ï¿½ï¿½ï¿½ï¿½ï¿½ï¿½ï¿½ï¿½ï¿½ï¿½ï¿½ï¿½ï¿½ï¿½ï¿½ï¿½ï¿½ï¿½ï¿½ï¿½ï¿½ï¿½ï¿½ï¿½ï¿½ï¿½ï¿½ï¿½ï¿½ï¿½ï¿½ï¿½ï¿½ï¿½ï¿½ï¿½ï¿½ï¿½ï¿½ï¿½ï¿½ï¿½ï¿½ï¿½ï¿½ï¿½ï¿½ï¿½ï¿½ï¿½ï¿½ï¿½ï¿½ï¿½ï¿½ï¿½ï¿½ï¿½ï¿½ï¿½ï¿½ï¿½ï¿½ï¿½ï¿½ï¿½ï¿½ï¿½ï¿½ï¿½ï¿½ï¿½ï¿½ï¿½ï¿½ï¿½ï¿½ï¿½ï¿½ï¿½ï¿½ï¿½ï¿½ï¿½ï¿½ï¿½ï¿½ï¿½ï¿½ï¿½ï¿½ï¿½ï¿½ï¿½ï¿½ï¿½ï¿½ï¿½ï¿½ï¿½ï¿½ï¿½ï¿½ï¿½ï¿½ï¿½ï¿½ï¿½ï¿½ï¿½ï¿½ï¿½ï¿½ï¿½ï¿½ï¿½ï¿½ï¿½ï¿½ï¿½ï¿½ï¿½ï¿½ï¿½ï¿½ï¿½ï¿½ï¿½ï¿½ï¿½ï¿½ï¿½ï¿½ï¿½ï¿½ï¿½ï¿½ï¿½ï¿½ï¿½ï¿½ï¿½ï¿½ï¿½",directory
"/files/longlink_log/com.xingin.xhs_longlink_log_cache/com.xingin.xhs_20251214.xlogï¿½ï¿½ï¿½ï¿½ï¿½ï¿½ï¿½ï¿½ï¿½ï¿½ï¿½ï¿½ï¿½ï¿½ï¿½ï¿½ï¿½ï¿½ï¿½ï¿½ï¿½ï¿½ï¿½ï¿½ï¿½ï¿½ï¿½ï¿½ï¿½ï¿½ï¿½ï¿½ï¿½ï¿½ï¿½ï¿½ï¿½ï¿½ï¿½ï¿½ï¿½ï¿½ï¿½ï¿½ï¿½ï¿½ï¿½ï¿½ï¿½ï¿½ï¿½ï¿½ï¿½ï¿½ï¿½ï¿½ï¿½ï¿½ï¿½ï¿½ï¿½ï¿½ï¿½ï¿½ï¿½ï¿½ï¿½ï¿½ï¿½ï¿½ï¿½ï¿½ï¿½ï¿½ï¿½ï¿½ï¿½ï¿½ï¿½ï¿½ï¿½ï¿½ï¿½ï¿½ï¿½ï¿½ï¿½ï¿½ï¿½ï¿½ï¿½ï¿½ï¿½ï¿½ï¿½ï¿½ï¿½ï¿½ï¿½ï¿½ï¿½ï¿½ï¿½ï¿½ï¿½ï¿½ï¿½ï¿½ï¿½ï¿½ï¿½ï¿½ï¿½ï¿½ï¿½ï¿½ï¿½ï¿½ï¿½ï¿½ï¿½ï¿½ï¿½ï¿½ï¿½ï¿½ï¿½ï¿½ï¿½ï¿½ï¿½ï¿½ï¿½ï¿½ï¿½ï¿½ï¿½ï¿½ï¿½ï¿½ï¿½ï¿½ï¿½ï¿½ï¿½ï¿½ï¿½ï¿½ï¿½ï¿½ï¿½ï¿½ï¿½ï¿½ï¿½ï¿½ï¿½ï¿½ï¿½ï¿½ï¿½ï¿½ï¿½ï¿½ï¿½ï¿½ï¿½ï¿½ï¿½ï¿½ï¿½ï¿½ï¿½ï¿½ï¿½ï¿½ï¿½ï¿½ï¿½ï¿½ï¿½ï¿½ï¿½ï¿½ï¿½ï¿½ï¿½ï¿½ï¿½ï¿½ï¿½ï¿½ï¿½ï¿½ï¿½ï¿½ï¿½ï¿½ï¿½ï¿½ï¿½ï¿½ï¿½ï¿½ï¿½ï¿½ï¿½ï¿½ï¿½ï¿½ï¿½ï¿½ï¿½ï¿½ï¿½ï¿½ï¿½ï¿½ï¿½ï¿½ï¿½ï¿½ï¿½ï¿½ï¿½ï¿½ï¿½",directory
"/data/data/com.xingin.xhsï¿½ï¿½ï¿½ï¿½ï¿½ï¿½ï¿½ï¿½ï¿½ï¿½ï¿½pï¿½ï¿½ï¿½kB3ï¿½ï¿½W",directory
"/data/data/com.xingin.xhsï¿½ï¿½ï¿½ï¿½ï¿½ï¿½ï¿½`1ï¿½pï¿½ï¿½ï¿½+Zï¿½É£ï¿½ï¿½+Zï¿½É£ï¿½ï¿½",directory
"/data/app/com.xingin.xhs-Bcv5je8yGMmBwYcnEkNcsw==/lib/arm64ï¿½ï¿½ï¿½ï¿½ï¿½/memfd:frida-agent-64.so",file
"/data/app/com.xingin.xhs-Bcv5je8yGMmBwYcnEkNcsw==/lib/arm64ï¿½ï¿½ï¿½ï¿½ï¿½/data/data/com.google.android.webviewï¿½ï¿½ï¿½ï¿½ï¿½ï¿½ï¿½ï¿½ï¿½ï¿½ï¿½ï¿½ï¿½ï¿½ï¿½ï¿½ï¿½ï¿½ï¿½ï¿½ï¿½ï¿½ï¿½ï¿½ï¿½ï¿½ï¿½ï¿½ï¿½ï¿½ï¿½ï¿½ï¿½ï¿½ï¿½6Wï¿½ï¿½ï¿½ï¿½8(libhta_controller.soï¿½ï¿½ï¿½ï¿½ï¿½ï¿½ï¿½ï¿½ï¿½ï¿½ï¿½ï¿½ï¿½ï¿½ï¿½ï¿½ï¿½ï¿½ï¿½ï¿½ï¿½ï¿½ï¿½ï¿½ï¿½ï¿½ï¿½ï¿½ï¿½ï¿½ï¿½pï¿½ï¿½ï¿½ï¿½8ï¿½pï¿½ï¿½1ï¿½ï¿½ï¿½ï¿½ï¿½ï¿½ï¿½$ï¿½ï¿½ï¿½ï¿½ï¿½ï¿½ï¿½ï¿½ï¿½ï¿½ï¿½pï¿½ï¿½ï¿½ï¿½ï¿½ï¿½ï¿½ï¿½ï¿½ï¿½ï¿½ï¿½ï¿½ï¿½ï¿½ï¿½ï¿½ï¿½ï¿½ï¿½ï¿½ï¿½ï¿½ï¿½ï¿½ï¿½ï¿½libLocalTM_wrapper.camera.samsung.soï¿½ï¿½ï¿½ï¿½ï¿½ï¿½ï¿½ï¿½ï¿½ï¿½ï¿½ï¿½ï¿½ï¿½ï¿½ï¿½ï¿½ï¿½ï¿½ï¿½ï¿½ï¿½ï¿½ï¿½ï¿½ï¿½ï¿½ï¿½ï¿½ï¿½ï¿½ï¿½pï¿½ï¿½ï¿½ï¿½ï¿½s-ï¿½ï¿½ï¿½libOpenCL.soï¿½ï¿½ï¿½ï¿½ï¿½ï¿½ï¿½ï¿½ï¿½ï¿½ï¿½ï¿½ï¿½ï¿½ï¿½ï¿½ï¿½ï¿½ï¿½ï¿½ï¿½ï¿½ï¿½ï¿½ï¿½ï¿½ï¿½ï¿½ï¿½ï¿½ï¿½ï¿½ï¿½ï¿½ï¿½@ï¿½ï¿½ï¿½pï¿½ï¿½ï¿½",directory
"/data/app/com.xingin.xhs-Bcv5je8yGMmBwYcnEkNcsw==/lib/arm64/libxyhttpdns.soï¿½ï¿½ï¿½ï¿½ï¿½ï¿½ï¿½ï¿½ï¿½ï¿½ï¿½ï¿½ï¿½ï¿½ï¿½ï¿½ï¿½ï¿½ï¿½ï¿½ï¿½ï¿½ï¿½ï¿½ï¿½ï¿½ï¿½ï¿½ï¿½ï¿½ï¿½ï¿½ï¿½ï¿½ï¿½ï¿½ï¿½ï¿½ï¿½ï¿½ï¿½ï¿½ï¿½ï¿½ï¿½ï¿½ï¿½ï¿½ï¿½ï¿½ï¿½ï¿½ï¿½vndkï¿½ï¿½ï¿½ï¿½ï¿½ï¿½ï¿½ï¿½ï¿½ï¿½ï¿½ï¿½ï¿½ï¿½ï¿½ï¿½ï¿½ï¿½ï¿½ï¿½ï¿½ï¿½ï¿½ï¿½ï¿½ï¿½ï¿½ï¿½ï¿½pï¿½ï¿½ï¿½ï¿½ï¿½ï¿½ï¿½pï¿½ï¿½ï¿½ï¿½ï¿½ï¿½ï¿½pï¿½ï¿½ï¿½ï¿½ÙŽï¿½pï¿½ï¿½ï¿½ï¿½ÙŽï¿½pï¿½ï¿½ï¿½ï¿½ÙŽï¿½pï¿½ï¿½ï¿½ï¿½ï¿½ï¿½ï¿½ï¿½ï¿½ï¿½ï¿½ï¿½ï¿½ï¿½ï¿½ï¿½ï¿½ï¿½ï¿½ï¿½ï¿½ï¿½ï¿½ï¿½ï¿½ï¿½ï¿½ï¿½zï¿½ï¿½pï¿½ï¿½ï¿½ï¿½zï¿½ï¿½pï¿½ï¿½ï¿½ï¿½zï¿½ï¿½pï¿½ï¿½ï¿½rsï¿½ï¿½ï¿½ï¿½ï¿½ï¿½ï¿½ï¿½ï¿½ï¿½ï¿½ï¿½ï¿½ï¿½ï¿½ï¿½ï¿½ï¿½ï¿½ï¿½ï¿½ï¿½ï¿½ï¿½ï¿½ï¿½ï¿½@ï¿½ï¿½ï¿½pï¿½ï¿½ï¿½pï¿½ï¿½ï¿½pï¿½ï¿½ï¿½pï¿½ï¿½ï¿½pï¿½ï¿½ï¿½ï¿½{ï¿½ï¿½pï¿½ï¿½ï¿½ï¿½{ï¿½ï¿½pï¿½ï¿½ï¿½ï¿½{ï¿½ï¿½pï¿½ï¿½ï¿½ï¿½ï¿½ï¿½ï¿½ï¿½ï¿½ï¿½ï¿½ï¿½ï¿½ï¿½ï¿½ï¿½ï¿½ï¿½ï¿½ï¿½ï¿½ï¿½ï¿½ï¿½ï¿½ï¿½ï¿½ï¿½{ï¿½ï¿½pï¿½ï¿½ï¿½p{ï¿½ï¿½pï¿½ï¿½ï¿½p{ï¿½ï¿½pï¿½ï¿½ï¿½defaultï¿½ï¿½ï¿½ï¿½ï¿½ï¿½ï¿½ï¿½ï¿½ï¿½ï¿½ï¿½ï¿½ï¿½ï¿½ï¿½ï¿½ï¿½ï¿½ï¿½ï¿½ï¿½ï¿½ï¿½ï¿½ï¿½ï¿½ï¿½ï¿½ï¿½ï¿½ï¿½ï¿½ï¿½pï¿½ï¿½ï¿½ï¿½ï¿½ï¿½ï¿½ï¿½ï¿½ï¿½ï¿½",directory
"/data/app/com.xingin.xhs-Bcv5je8yGMmBwYcnEkNcsw==/lib/arm64/libxy_experiment.soï¿½ï¿½ï¿½ï¿½ï¿½ï¿½ï¿½ï¿½ï¿½ï¿½ï¿½ï¿½ï¿½ï¿½ï¿½ï¿½ï¿½ï¿½ï¿½ï¿½ï¿½ï¿½ï¿½ï¿½ï¿½ï¿½ï¿½ï¿½ï¿½ï¿½ï¿½ï¿½ï¿½ï¿½ï¿½ï¿½ï¿½ï¿½ï¿½ï¿½ï¿½ï¿½ï¿½ï¿½ï¿½ï¿½ï¿½ï¿½ï¿½/data/app/com.xingin.xhs-Bcv5je8yGMmBwYcnEkNcsw==/lib/arm64/libxy_configcenter.soï¿½ï¿½ï¿½ï¿½ï¿½ï¿½ï¿½ï¿½ï¿½ï¿½ï¿½ï¿½ï¿½ï¿½ï¿½ï¿½ï¿½ï¿½ï¿½ï¿½ï¿½ï¿½ï¿½ï¿½ï¿½ï¿½ï¿½ï¿½ï¿½ï¿½ï¿½ï¿½ï¿½ï¿½ï¿½ï¿½ï¿½ï¿½ï¿½ï¿½ï¿½ï¿½ï¿½ï¿½ï¿½ï¿½ï¿½/data/app/com.xingin.xhs-Bcv5je8yGMmBwYcnEkNcsw==/lib/arm64/libxylog.soï¿½ï¿½ï¿½ï¿½ï¿½ï¿½ï¿½ï¿½ï¿½ï¿½ï¿½ï¿½ï¿½ï¿½ï¿½ï¿½ï¿½ï¿½ï¿½ï¿½ï¿½ï¿½ï¿½ï¿½ï¿½ï¿½ï¿½ï¿½ï¿½ï¿½ï¿½ï¿½ï¿½ï¿½ï¿½ï¿½ï¿½ï¿½ï¿½ï¿½ï¿½ï¿½ï¿½ï¿½ï¿½ï¿½ï¿½ï¿½ï¿½ï¿½ï¿½ï¿½ï¿½ï¿½ï¿½ï¿½ï¿½/data/app/com.google.android.trichromelibrary_744417133-7UxE_37mjlQBICEw306gPQ==/base.apk!/lib/arm64-v8a/libmonochrome_64.soï¿½ï¿½ï¿½ï¿½",directory
"/data/user/0/com.xingin.xhs/app_webview_com.xingin.xhs/.com.google.Chrome.VoI7LH",directory
"/data/user/0/com.xingin.xhs/app_webview_com.xingin.xhs/BrowserMetrics",directory
"/data/user/0/com.xingin.xhs/app_webview_com.xingin.xhs/.com.google.Chrome.eWiGhJ",directory
"/data/user/0/com.xingin.xhs/app_webview_com.xingin.xhs/.com.google.Chrome.WiYyhs",directory
"/data/user/0/com.xingin.xhs/files/phenotype_storage_info/shared/storage-info.pb",file
"/data/user/0/com.xingin.xhs/files/phenotype/shared/com.google.android.gms.clearcut_client#com.xingin.xhs.pb",directory
"/data/user/0/com.xingin.xhs/databases/google_app_measurement_local.db",file
"/data/user/0/com.xingin.xhs/databases/google_app_measurement_local.db-wal",directory
"/data/user/0/com.xingin.xhs/databases/google_app_measurement_local.db-shm",directory
"/data/user/0/com.xingin.xhs/databases/google_app_measurement_local.db-journal",file
"/data/user/0/com.xingin.xhs/files/generatefid.lock",file
"/data/user/0/com.xingin.xhs/files/PersistedInstallation.W0RFRkFVTFRd+MTo3MjIzODA4OTE1MDI6YW5kcm9pZDpjYWM0NzVkZjkwZmY4OTFh.json",file
"/data/user/0/com.xingin.xhs/shared_prefs/com.google.android.gms.measurement.prefs.xml",file
"/data/user/0/com.xingin.xhs/shared_prefs/com.google.android.gms.measurement.prefs.xml.bak",file
"/data/user/0/com.xingin.xhs/databases/xhs_advert.db",file
"/data/user/0/com.xingin.xhs/shared_prefs/appsflyer-data.xml",file
"/data/user/0/com.xingin.xhs/shared_prefs/appsflyer-data.xml.bak",file
"/data/user/0/com.xingin.xhs/files/raw_swift_data/4507002c8b4802cf0bef443af8faa7d0",file
"/storage/emulated/0/Android/data/com.xingin.xhs/cache/ads/video",directory
"/data/user/0/com.xingin.xhs/files/AFRequestCache",directory
"/data/user/0/com.xingin.xhs/files/AFRequestCache/1765704072074",directory
"/data/user/0/com.xingin.xhs/files/splashCptAdsConfig",file
"/data/user/0/com.xingin.xhs/files/splashAds",directory
"/data/user/0/com.xingin.xhs/files/splashAds/7A0236DAD2ACFF9C1379A64295956AC9",file
"/data/user/0/com.xingin.xhs/files/splashAds/netcache",directory
"/data/user/0/com.xingin.xhs/files/raw_swift_data/60f9bb1153504fdb7d4e5e14af6f0521",file
"/data/user/0/com.xingin.xhs/files/raw_swift_data/a5ab59c5c8d61dff2b82822cc89fcf53",file
"/data/user/0/com.xingin.xhs/files/raw_swift_data/7952e3b532694995840da433873b4a9b",file
"/data/user/0/com.xingin.xhs/files/raw_swift_data/cfc31c142b11b6490916bebe39ba154d",file
"/data/user/0/com.xingin.xhs/files/raw_swift_data/131cb7e8fc0f91c6b02cc8736d04d09c",file
"/data/user/0/com.xingin.xhs/files/raw_swift_data/3a52a9269f8d87370750033440ae1384",file
"/data/user/0/com.xingin.xhs/files/raw_swift_data/0c860fa6fbb78645dc012eeb02cef1ba",file
"/data/user/0/com.xingin.xhs/files/raw_swift_data/a95140be93cfaa81d062aa8dae8c1574",file
"/data/user/0/com.xingin.xhs/files/raw_swift_data/cd6a2a56ce6d1bf4bd4af08dc512ff5a",file
"/data/user/0/com.xingin.xhs/files/raw_swift_data/084b1f6735a0e7b6b310ac2ba076aebd",file
"/data/user/0/com.xingin.xhs/files/raw_swift_data/e8283a9cae8f409686ef0264be9ea0a0",file
"/data/user/0/com.xingin.xhs/files/raw_swift_data/008a5d9cb0d71a7287696bc2656558e4",file
"/data/user/0/com.xingin.xhs/files/raw_swift_data/985dfc49906cec0dc3ad6d7ac07eaeef",file
"/data/user/0/com.xingin.xhs/files/raw_swift_data/ea26c2d8f94c9b3dd7982d60240461e6",file
"/data/user/0/com.xingin.xhs/files/raw_swift_data/4f28d7c49706978445cb2e68356c8752",file
"/data/user/0/com.xingin.xhs/files/raw_swift_data/c9c3bd1e400cc42aac5c95ae5e9d4c82",file
"/data/user/0/com.xingin.xhs/files/raw_swift_data/23e2d8fdf9bde264ee2f562255c79781",file
"/data/user/0/com.xingin.xhs/files/raw_swift_data/0b0f8a878da121962c2d742cf2b3da5c",file
"/data/user/0/com.xingin.xhs/files/raw_swift_data/8fbffb11f7962522d7d10b2f1335510a",file
"/data/user/0/com.xingin.xhs/files/raw_swift_data/e802482b2334bd7d1a32654c8248e876",file
"/data/user/0/com.xingin.xhs/files/raw_swift_data/c44c64c10851084323892660328ef694",file
"/data/user/0/com.xingin.xhs/files/raw_swift_data/c2479a7fe29983df784114a79222c292",file
"/data/user/0/com.xingin.xhs/files/raw_swift_data/f32e27b7b7e196fd3c622406f20178c2",file
"/data/user/0/com.xingin.xhs/files/raw_swift_data/5a86f2ccad4628ba802e7a89cb3a4463",file
"/data/user/0/com.xingin.xhs/files/raw_swift_data/720f8088cbd00f3e54bde623db3f6e04",file
"/data/user/0/com.xingin.xhs/files/raw_swift_data/071b1e9fbfa45470ff55f3bad3119afe",file
"/data/user/0/com.xingin.xhs/files/raw_swift_data/9a74cf0ea28afd8a1a911b201bd4611d",file
"/data/user/0/com.xingin.xhs/files/raw_swift_data/64bfc38143082755188afde60a918e70",file
"/data/user/0/com.xingin.xhs/files/raw_swift_data/8a2a61ac6a52422922bce1eacb892a13",file
"/data/user/0/com.xingin.xhs/files/raw_swift_data/491ee62634f6c424b0b7b7f3a053b9e8",file
"/data/user/0/com.xingin.xhs/files/raw_swift_data/2382d9d4a499dbd052309325f7f704d4",file
"/data/user/0/com.xingin.xhs/files/raw_swift_data/9546c4414447c145b9aa50cd1ac68198",file
"/data/com.xingin.xhs/filesï¿½ï¿½ï¿½ï¿½ï¿½ï¿½pï¿½ï¿½ï¿½ï¿½jï¿½ï¿½ï¿½ï¿½ï¿½ï¿½ï¿½/storage/emulated/0/Android/data/com.xingin.xhs/cacheï¿½ï¿½ï¿½ï¿½ï¿½ï¿½ï¿½ï¿½ï¿½ï¿½(ï¿½ï¿½ï¿½ï¿½ï¿½",directory
"/storage/emulated/0/Android/data/com.xingin.xhs/filesï¿½ï¿½ï¿½ï¿½ï¿½ï¿½pï¿½ï¿½ï¿½ï¿½jï¿½ï¿½ï¿½ï¿½ï¿½ï¿½ï¿½/storage/emulated/0/Android/data/com.xingin.xhs/cacheï¿½ï¿½ï¿½ï¿½ï¿½ï¿½ï¿½ï¿½ï¿½ï¿½(ï¿½ï¿½ï¿½ï¿½ï¿½",directory
"/Android/data/com.xingin.xhs/filesï¿½ï¿½ï¿½ï¿½ï¿½ï¿½pï¿½ï¿½ï¿½ï¿½jï¿½ï¿½ï¿½ï¿½ï¿½ï¿½ï¿½/storage/emulated/0/Android/data/com.xingin.xhs/cacheï¿½ï¿½ï¿½ï¿½ï¿½ï¿½ï¿½ï¿½ï¿½ï¿½(ï¿½ï¿½ï¿½ï¿½ï¿½",directory
"/data/user/0/com.xingin.xhs/files/dsl_template_dir/download/shop_note_cardï¿½ï¿½ï¿½ï¿½ï¿½ï¿½ï¿½ï¿½ï¿½pï¿½ï¿½ï¿½ï¿½ï¿½ï¿½ï¿½ï¿½ï¿½ï¿½[smileys156]ï¿½ï¿½ï¿½ï¿½ï¿½Ýºï¿½Ýºï¿½Ýºï¿½Ýºï¿½Ýºï¿½Ýºï¿½Ýºï¿½Ýºï¿½ï¿½ï¿½pï¿½ï¿½ï¿½ï¿½ï¿½ï¿½ï¿½ï¿½ï¿½ï¿½[smileys149]ï¿½ï¿½ï¿½ï¿½ï¿½Q/ï¿½ï¿½ï¿½ï¿½ï¿½ï¿½ï¿½ï¿½ï¿½ï¿½ï¿½Xa>Ø¶aï¿½ï¿½aï¿½ï¿½ï¿½ï¿½ï¿½ï¿½ï¿½pï¿½ï¿½ï¿½ï¿½^ï¿½ï¿½ï¿½ï¿½Pï¿½ï¿½$expr{ifThen(isTruthy(listIndex()==4)",directory
"/data/app/com.xingin.xhs-Bcv5je8yGMmBwYcnEkNcsw==/lib/arm64ï¿½ï¿½ï¿½ï¿½ï¿½ï¿½ï¿½ï¿½ï¿½ï¿½ï¿½ï¿½ï¿½ï¿½ï¿½ï¿½ï¿½ï¿½ï¿½ï¿½ï¿½ï¿½ï¿½ï¿½ï¿½ï¿½ï¿½ï¿½ï¿½ï¿½ï¿½ï¿½ï¿½ï¿½ï¿½ï¿½ï¿½ï¿½ï¿½ï¿½ï¿½ï¿½ï¿½ï¿½ï¿½ï¿½ï¿½ï¿½ï¿½ï¿½ï¿½ï¿½ï¿½ï¿½ï¿½ï¿½ï¿½ï¿½ï¿½ï¿½ï¿½ï¿½ï¿½ï¿½ï¿½ï¿½ï¿½ï¿½@ï¿½ï¿½pï¿½ï¿½ï¿½ï¿½ï¿½ï¿½ï¿½ï¿½ï¿½ï¿½ï¿½ï¿½ï¿½ï¿½ï¿½ï¿½ï¿½ï¿½ï¿½ï¿½ï¿½ï¿½ï¿½ï¿½ï¿½ï¿½ï¿½ï¿½ï¿½ï¿½ï¿½ï¿½ï¿½ï¿½ï¿½ï¿½ï¿½ï¿½ï¿½ï¿½ï¿½ï¿½ï¿½ï¿½ï¿½ï¿½ï¿½ï¿½ï¿½ï¿½ï¿½ï¿½ï¿½ï¿½ï¿½ï¿½ï¿½ï¿½ï¿½ï¿½ï¿½ï¿½ï¿½ï¿½ï¿½",directory
"/data/user/0/com.xingin.xhs/files/longlink_log/com.xingin.xhs_longlink_log",directory
"/data/user/0/com.xingin.xhs/files/longlink_log/com.xingin.xhs_longlink_log_cache",directory
"/storage/emulated/0/Android/data/com.xingin.xhs/cache/sentry-sessions/",directory
"/storage/emulated/0/Android/data/com.xingin.xhs/cache/sentry-sessions",directory
"/data/user/0/com.xingin.xhs/files/like",directory
"/data/user/0/com.xingin.xhs/files/collect",directory
"/data/user/0/com.xingin.xhs/files/share",directory
"/data/user/0/com.xingin.xhs/files/mark/1683732412.png",file
"/storage/emulated/0/Android/data/com.xingin.xhs/cache/image_manager_disk_cache/v2.ols100.1/7/77N_e_nx-rx93uaELAIbMVwo-QI.cnt",file
"/storage/emulated/0/Android/data/com.xingin.xhs/cache/image_manager_disk_cache/v2.ols100.1/54/2SZHbKUaok0GNqJ_q_LEztTEwQQ.cnt",file
"/data/user/0/com.xingin.xhs/files/mmkv/xy_know_user_persona_hub_config_dev",file
"/data/user/0/com.xingin.xhs/files/mmkv/xy_know_user_persona_hub_config_dev.crc",file
"/storage/emulated/0/Android/data/com.xingin.xhs/cache/preload/stream_1_110_178_01e92fb1501640d3010370019ae25bc897_178",file
"/storage/emulated/0/Android/data/com.xingin.xhs/cache/preload/stream_1_110_178_01e93b9678dd4ab2010370019b10ec64db_178",file
"/storage/emulated/0/Android/data/com.xingin.xhs/cache/preload/stream_1_110_178_01e92fb1501640d3010370019ae25bc897_178-map",file
"/storage/emulated/0/Android/data/com.xingin.xhs/cache/preload/stream_1_110_178_01e93b9678dd4ab2010370019b10ec64db_178-map",file
"/data/user/0/com.xingin.xhs/files/raw_swift_data/7e4f62934f0b2b9077d42996870b1d9f",file
"/data/user/0/com.xingin.xhs/app_xylog_v2/logs/com_xingin_xhs/2025-12-14-18-23-44.168.log",file
"/data/user/0/com.xingin.xhs/app_xylog_v2/logs/com_xingin_xhs/",directory
"/data/user/0/com.xingin.xhs/files/AFRequestCache/1765704224308",directory
"/data/user/0/com.xingin.xhs/app_xylog_v2/logs/com_xingin_xhs",directory
"/data/user/0/com.xingin.xhs/app_xylog_v2/logs/com_xingin_xhs/2025-12-14-18-14-26.495.log",file
"/data/user/0/com.xingin.xhs/app_xylog_v2/logs/com_xingin_xhs/2025-12-14-17-53-57.730.log",file
"/data/user/0/com.xingin.xhs/app_xylog_v2/logs/com_xingin_xhs/2025-12-14-18-06-34.880.log",file
"/data/user/0/com.xingin.xhs/app_xylog_v2/logs/com_xingin_xhs/2025-12-14-17-57-04.758.log",file
"/data/user/0/com.xingin.xhs/app_xylog_v2/logs/com_xingin_xhs/2025-12-14-17-56-27.235.log",file
"/data/user/0/com.xingin.xhs/app_xylog_v2/logs/com_xingin_xhs/2025-12-14-18-08-52.54.log",file
"/data/user/0/com.xingin.xhs/files/xynetcore/host/ipportrecords2.xml",file
"/data/user/0/com.xingin.xhs/files/im/im_moji/0/emoji_bundle/smileys166.pngï¿½ï¿½ï¿½ï¿½ï¿½ï¿½ï¿½ï¿½ï¿½pï¿½ï¿½ï¿½ï¿½ï¿½ï¿½ï¿½ï¿½ï¿½ï¿½ï¿½ï¿½/data/user/0/com.xingin.xhs/files/im/im_moji/0/emoji_bundle/symbols117.pngï¿½ï¿½ï¿½ï¿½ï¿½ï¿½8ï¿½pï¿½ï¿½ï¿½ï¿½XSï¿½ï¿½ï¿½ï¿½ï¿½8ï¿½<?zDï¿½ï¿½ï¿½pï¿½ï¿½ï¿½ï¿½ï¿½ï¿½ï¿½ï¿½ï¿½ï¿½ï¿½ï¿½/data/user/0/com.xingin.xhs/files/im/im_moji/0/emoji_bundle/objects179.pngï¿½ï¿½ï¿½ï¿½ï¿½ï¿½ï¿½ï¿½ï¿½pï¿½ï¿½ï¿½ï¿½ï¿½ï¿½ï¿½ï¿½ï¿½ï¿½ï¿½ï¿½/data/user/0/com.xingin.xhs/files/im/im_moji/0/emoji_bundle/food86.pngï¿½ï¿½8ï¿½pï¿½ï¿½ï¿½ï¿½8Sï¿½ï¿½ï¿½ï¿½ï¿½ï¿½ï¿½;ï¿½",directory
"/data/user/0/com.xingin.xhs/files/im/im_moji/0/emoji_bundle/smileys276.pngï¿½ï¿½ï¿½ï¿½ï¿½ï¿½8ï¿½pï¿½ï¿½ï¿½ï¿½",directory
"/data/user/0/com.xingin.xhs/files/im/im_moji/0/emoji_bundle/smileys253.pngï¿½ï¿½ï¿½ï¿½ï¿½ï¿½ï¿½ï¿½ï¿½pï¿½ï¿½ï¿½ï¿½ï¿½ï¿½ï¿½ï¿½ï¿½ï¿½ï¿½ï¿½/data/user/0/com.xingin.xhs/files/im/im_moji/0/emoji_bundle/smileys386.pngï¿½ï¿½ï¿½ï¿½ï¿½ï¿½ï¿½ï¿½ï¿½pï¿½ï¿½ï¿½ï¿½ï¿½ï¿½ï¿½ï¿½ï¿½ï¿½ï¿½ï¿½/data/user/0/com.xingin.xhs/files/im/im_moji/0/emoji_bundle/smileys120.pngï¿½ï¿½ï¿½ï¿½ï¿½ï¿½8ï¿½pï¿½ï¿½ï¿½ï¿½hOï¿½ï¿½ï¿½ï¿½ï¿½Hï¿½ï¿½ï¿½xï¿½ï¿½ï¿½pï¿½ï¿½ï¿½ï¿½ï¿½ï¿½ï¿½ï¿½ï¿½ï¿½ï¿½ï¿½/data/user/0/com.xingin.xhs/files/im/im_moji/0/emoji_bundle/animals116.pngï¿½ï¿½ï¿½ï¿½ï¿½ï¿½ï¿½ï¿½ï¿½pï¿½ï¿½ï¿½ï¿½ï¿½ï¿½ï¿½ï¿½ï¿½ï¿½ï¿½ï¿½/data/user/0/com.xingin.xhs/files/im/im_moji/0/emoji_bundle/smileys168.pngï¿½ï¿½ï¿½ï¿½ï¿½ï¿½8ï¿½pï¿½ï¿½ï¿½ï¿½(Oï¿½ï¿½ï¿½ï¿½ï¿½",directory
"/data/user/0/com.xingin.xhs/files/im/im_moji/0/emoji_bundle/smileys362.pngï¿½ï¿½ï¿½ï¿½ï¿½ï¿½ï¿½ï¿½ï¿½pï¿½ï¿½ï¿½ï¿½ï¿½ï¿½ï¿½ï¿½ï¿½ï¿½ï¿½ï¿½/data/user/0/com.xingin.xhs/files/im/im_moji/0/emoji_bundle/smileys277.pngï¿½ï¿½ï¿½ï¿½ï¿½ï¿½ï¿½ï¿½ï¿½pï¿½ï¿½ï¿½ï¿½ï¿½ï¿½ï¿½ï¿½ï¿½ï¿½ï¿½ï¿½/data/user/0/com.xingin.xhs/files/im/im_moji/0/emoji_bundle/smileys144.pngï¿½ï¿½ï¿½ï¿½ï¿½ï¿½8ï¿½pï¿½ï¿½ï¿½ï¿½ï¿½Nï¿½ï¿½ï¿½ï¿½ï¿½Pï¿½ï¿½ï¿½ï¿½Jï¿½ï¿½ï¿½pï¿½ï¿½ï¿½ï¿½",directory
"/files/im/im_moji/0/emoji_bundle/smileys166.pngï¿½ï¿½ï¿½ï¿½ï¿½ï¿½ï¿½ï¿½ï¿½pï¿½ï¿½ï¿½ï¿½ï¿½ï¿½ï¿½ï¿½ï¿½ï¿½ï¿½ï¿½/data/user/0/com.xingin.xhs/files/im/im_moji/0/emoji_bundle/symbols117.pngï¿½ï¿½ï¿½ï¿½ï¿½ï¿½8ï¿½pï¿½ï¿½ï¿½ï¿½XSï¿½ï¿½ï¿½ï¿½ï¿½8ï¿½<?zDï¿½ï¿½ï¿½pï¿½ï¿½ï¿½ï¿½ï¿½ï¿½ï¿½ï¿½ï¿½ï¿½ï¿½ï¿½/data/user/0/com.xingin.xhs/files/im/im_moji/0/emoji_bundle/objects179.pngï¿½ï¿½ï¿½ï¿½ï¿½ï¿½ï¿½ï¿½ï¿½pï¿½ï¿½ï¿½ï¿½ï¿½ï¿½ï¿½ï¿½ï¿½ï¿½ï¿½ï¿½/data/user/0/com.xingin.xhs/files/im/im_moji/0/emoji_bundle/food86.pngï¿½ï¿½8ï¿½pï¿½ï¿½ï¿½ï¿½8Sï¿½ï¿½ï¿½ï¿½ï¿½ï¿½ï¿½;ï¿½",directory
"/files/im/im_moji/0/emoji_bundle/smileys253.pngï¿½ï¿½ï¿½ï¿½ï¿½ï¿½ï¿½ï¿½ï¿½pï¿½ï¿½ï¿½ï¿½ï¿½ï¿½ï¿½ï¿½ï¿½ï¿½ï¿½ï¿½/data/user/0/com.xingin.xhs/files/im/im_moji/0/emoji_bundle/smileys386.pngï¿½ï¿½ï¿½ï¿½ï¿½ï¿½ï¿½ï¿½ï¿½pï¿½ï¿½ï¿½ï¿½ï¿½ï¿½ï¿½ï¿½ï¿½ï¿½ï¿½ï¿½/data/user/0/com.xingin.xhs/files/im/im_moji/0/emoji_bundle/smileys120.pngï¿½ï¿½ï¿½ï¿½ï¿½ï¿½8ï¿½pï¿½ï¿½ï¿½ï¿½hOï¿½ï¿½ï¿½ï¿½ï¿½Hï¿½ï¿½ï¿½xï¿½ï¿½ï¿½pï¿½ï¿½ï¿½ï¿½ï¿½ï¿½ï¿½ï¿½ï¿½ï¿½ï¿½ï¿½/data/user/0/com.xingin.xhs/files/im/im_moji/0/emoji_bundle/animals116.pngï¿½ï¿½ï¿½ï¿½ï¿½ï¿½ï¿½ï¿½ï¿½pï¿½ï¿½ï¿½ï¿½ï¿½ï¿½ï¿½ï¿½ï¿½ï¿½ï¿½ï¿½/data/user/0/com.xingin.xhs/files/im/im_moji/0/emoji_bundle/smileys168.pngï¿½ï¿½ï¿½ï¿½ï¿½ï¿½8ï¿½pï¿½ï¿½ï¿½ï¿½(Oï¿½ï¿½ï¿½ï¿½ï¿½",directory
"/files/im/im_moji/0/emoji_bundle/smileys362.pngï¿½ï¿½ï¿½ï¿½ï¿½ï¿½ï¿½ï¿½ï¿½pï¿½ï¿½ï¿½ï¿½ï¿½ï¿½ï¿½ï¿½ï¿½ï¿½ï¿½ï¿½/data/user/0/com.xingin.xhs/files/im/im_moji/0/emoji_bundle/smileys277.pngï¿½ï¿½ï¿½ï¿½ï¿½ï¿½ï¿½ï¿½ï¿½pï¿½ï¿½ï¿½ï¿½ï¿½ï¿½ï¿½ï¿½ï¿½ï¿½ï¿½ï¿½/data/user/0/com.xingin.xhs/files/im/im_moji/0/emoji_bundle/smileys144.pngï¿½ï¿½ï¿½ï¿½ï¿½ï¿½8ï¿½pï¿½ï¿½ï¿½ï¿½ï¿½Nï¿½ï¿½ï¿½ï¿½ï¿½Pï¿½ï¿½ï¿½ï¿½Jï¿½ï¿½ï¿½pï¿½ï¿½ï¿½ï¿½",directory
"/data/user/0/com.xingin.xhs/files/rnbundle_072/questionnaireï¿½ï¿½ï¿½ï¿½Hhï¿½ï¿½ï¿½ï¿½ï¿½@ï¿½Pï¿½ï¿½ï¿½ï¿½ï¿½ï¿½ï¿½",directory
"/data/user/0/com.xingin.xhs/files/rnbundle_072/lancer-lifeï¿½ï¿½ï¿½ï¿½ï¿½ï¿½8ï¿½pï¿½ï¿½ï¿½ï¿½hï¿½ï¿½ï¿½ï¿½ï¿½ï¿½ï¿½ï¿½_ï¿½jHhï¿½ï¿½ï¿½ï¿½ï¿½",directory
"/data/user/0/com.xingin.xhs/files/rnbundle_072/interactive-trade/drawable-xxxhdpiï¿½ï¿½ï¿½ï¿½ï¿½ï¿½ï¿½Hhï¿½ï¿½ï¿½ï¿½ï¿½Hï¿½Xï¿½ï¿½ï¿½ï¿½ï¿½ï¿½hï¿½qï¿½ï¿½ï¿½ï¿½ï¿½ï¿½/ï¿½ï¿½ï¿½ï¿½ï¿½ï¿½ï¿½ï¿½ï¿½X",directory
"/data/user/0/com.xingin.xhs/files/rnbundle_072/buyer-curationï¿½ï¿½ï¿½Hhï¿½ï¿½ï¿½ï¿½ï¿½ï¿½",directory
"/data/user/0/com.xingin.xhs/files/rnbundle_072/live-growthï¿½ï¿½ï¿½ï¿½ï¿½ï¿½8ï¿½pï¿½ï¿½ï¿½ï¿½ï¿½",directory
"/data/user/0/com.xingin.xhs/files/rnbundle_072/poi/drawable-xxhdpiï¿½ï¿½ï¿½ï¿½ï¿½ï¿½Hhï¿½ï¿½ï¿½ï¿½ï¿½P",directory
"/data/user/0/com.xingin.xhs/files/rnbundle_072/merchant-home-pagesï¿½ï¿½ï¿½ï¿½ï¿½ï¿½Hhï¿½ï¿½ï¿½ï¿½ï¿½",directory
"/data/user/0/com.xingin.xhs/files/rnbundle_072/circle-managerï¿½ï¿½ï¿½Hhï¿½ï¿½ï¿½ï¿½ï¿½ï¿½",directory
"/data/user/0/com.xingin.xhs/files/rnbundle_072/venom/drawable-mdpiï¿½ï¿½ï¿½ï¿½ï¿½ï¿½8ï¿½pï¿½ï¿½ï¿½ï¿½",directory
"/data/user/0/com.xingin.xhs/files/rnbundle_072/sns-payment/drawable-mdpiHhï¿½ï¿½ï¿½ï¿½ï¿½ï¿½",directory
"/data/user/0/com.xingin.xhs/files/rnbundle_072/feedback/drawable-mdpiï¿½ï¿½ï¿½Hhï¿½ï¿½ï¿½ï¿½ï¿½pï¿½ï¿½ï¿½ï¿½ï¿½ï¿½ï¿½",directory
"/data/user/0/com.xingin.xhs/files/dsl_template_dir/download/red_circle_home_mainpage_header_info/dsl.jsonï¿½ï¿½ï¿½ï¿½ï¿½ï¿½ï¿½ï¿½ï¿½ï¿½pï¿½ï¿½ï¿½ï¿½ï¿½ï¿½ï¿½ï¿½ï¿½ï¿½`",directory
"/data/data/com.xingin.xhsï¿½ï¿½ï¿½ï¿½ï¿½ï¿½ï¿½ï¿½ï¿½ï¿½ï¿½pï¿½ï¿½ï¿½ï¿½\ï¿½ï¿½Iï¿½?Î‹\ï¿½ï¿½Iï¿½?ï¿½ï¿½lï¿½ï¿½pï¿½ï¿½ï¿½ï¿½ï¿½ï¿½ï¿½ï¿½ï¿½ï¿½ï¿½Nï¿½ï¿½ï¿½ï¿½ï¿½jÛï¿½ï¿½oï¿½ï¿½ï¿½ï¿½ï¿½ï¿½ï¿½ï¿½ï¿½ï¿½",directory
"/data/data/com.xingin.xhsï¿½ï¿½ï¿½ï¿½ï¿½ï¿½ï¿½@1ï¿½pï¿½ï¿½ï¿½Å¢Vï¿½Iï¿½ï¿½ï¿½Å¢Vï¿½Iï¿½ï¿½ï¿½",directory
"/data/user/0/com.xingin.xhs/files/sentry-record",directory
"/storage/emulated/0/Android/data/com.xingin.xhs/cache/preload/stream_1_110_178_01e93d30c622254d010370019b1790674a_178-map",file
"/storage/emulated/0/Android/data/com.xingin.xhs/cache/preload/stream_1_110_114_01e93e7de76431c9010370019b1c206bef_114-map",directory
"/storage/emulated/0/Android/data/com.xingin.xhs/cache/preload/stream_1_110_114_01e93e7de76431c9010370019b1c206bef_114",directory
"/data/user/0/com.xingin.xhs/databases",directory
"/data/user/0/com.xingin.xhs/databases/xhs_common_demotion_cache.db",file
"/data/user/0/com.xingin.xhs/databases/xhs_common_demotion_cache.db-wal",file
"/data/user/0/com.xingin.xhs/databases/xhs_common_demotion_cache.db-shm",file
"/data/user/0/com.xingin.xhs/files/mmkv/comment_preferences",file
"/data/user/0/com.xingin.xhs/files/mmkv/comment_preferences.crc",file
"/data/user/0/com.xingin.xhs/shared_prefs/comment_preferences.xml",file
"/data/user/0/com.xingin.xhs/shared_prefs/comment_preferences.xml.bak",file
"/data/user/0/com.xingin.xhs/files/cache",directory
"/data/user/0/com.xingin.xhs/files/cache/redtube",file
"/data/user/0/com.xingin.xhs/files/mmkv/config_hint",file
"/data/user/0/com.xingin.xhs/files/mmkv/config_hint.crc",file
"/data/user/0/com.xingin.xhs/shared_prefs/config_hint.xml",file
"/data/user/0/com.xingin.xhs/shared_prefs/config_hint.xml.bak",file
"/data/user/0/com.xingin.xhs/files/mmkv/KEY_BACK_PLAYER",file
"/data/user/0/com.xingin.xhs/files/mmkv/KEY_BACK_PLAYER.crc",file
"/data/user/0/com.xingin.xhs/shared_prefs/KEY_BACK_PLAYER.xml",file
"/data/user/0/com.xingin.xhs/shared_prefs/KEY_BACK_PLAYER.xml.bak",file
"/data/user/0/com.xingin.xhs/files/AFRequestCache/1765703707237",directory
"/data/user/0/com.xingin.xhs/files/mmkv/r10_comment_info_map",file
"/data/user/0/com.xingin.xhs/files/mmkv/r10_comment_info_map.crc",file
"/data/user/0/com.xingin.xhs/shared_prefs/r10_comment_info_map.xml",file
"/data/user/0/com.xingin.xhs/shared_prefs/r10_comment_info_map.xml.bak",file
"/data/user/0/com.xingin.xhs/cache/PlayHistoryRecordDB.lck",file
"/data/user/0/com.xingin.xhs/databases/PlayHistoryRecordDB",file
"/data/user/0/com.xingin.xhs/databases/PlayHistoryRecordDB-wal",directory
"/data/user/0/com.xingin.xhs/databases/PlayHistoryRecordDB-shm",directory
"/data/user/0/com.xingin.xhs/databases/PlayHistoryRecordDB-journal",file
"/storage/emulated/0/Android/data/com.xingin.xhs/cache/image_manager_disk_cache/v2.ols100.1/13/MLwo08QLK50v2ASo0bBFFkP6Jvg.cnt",file
"/storage/emulated/0/Android/data/com.xingin.xhs/cache/image_manager_disk_cache_static/v2.ols100.1/50/P1mk704ixeVMZdlBf7vBcUH-kQY.cnt",file
"/storage/emulated/0/Android/data/com.xingin.xhs/cache/image_manager_disk_cache/v2.ols100.1/13",directory
"/storage/emulated/0/Android/data/com.xingin.xhs/cache/image_manager_disk_cache/v2.ols100.1/13/MLwo08QLK50v2ASo0bBFFkP6Jvg.3946943351580933771.tmp",file
"/storage/emulated/0/Android/data/com.xingin.xhs/cache/image_manager_disk_cache_static/v2.ols100.1/50",directory
"/storage/emulated/0/Android/data/com.xingin.xhs/cache/image_manager_disk_cache_static/v2.ols100.1/50/P1mk704ixeVMZdlBf7vBcUH-kQY.6665688362992810017.tmp",file
"/storage/emulated/0/Android/data/com.xingin.xhs/cache/image_manager_disk_cache_static/v2.ols100.1/73/2YndN8bzAW5444j2sG2fFlKPlyM.cnt",file
"/storage/emulated/0/Android/data/com.xingin.xhs/cache/image_manager_disk_cache_static/v2.ols100.1/70/9m3tNzVeo6tKNUy94m7G0wY30s4.cnt",file
"/storage/emulated/0/Android/data/com.xingin.xhs/cache/image_manager_disk_cache_static/v2.ols100.1/92/AuONIfF_uRj5dvRx2OSfF9jXfp0.cnt",file
"/storage/emulated/0/Android/data/com.xingin.xhs/cache/image_manager_disk_cache_static/v2.ols100.1/49/6LQxsin77ZuZ8i_wqH63U9usgk4.cnt",file
"/storage/emulated/0/Android/data/com.xingin.xhs/cache/image_manager_disk_cache_static/v2.ols100.1/40/eoNOEyh_xmfey7sD3xizuhudFHo.cnt",file
"/storage/emulated/0/Android/data/com.xingin.xhs/cache/image_manager_disk_cache_static/v2.ols100.1/36/qP1kUW60C-8Z-DSCeCcj4pRpnTQ.cnt",file
"/storage/emulated/0/Android/data/com.xingin.xhs/cache/image_manager_disk_cache_static/v2.ols100.1/30/Ckiri-9hzQO-vuJLPzEYYfoqLVo.cnt",file
"/storage/emulated/0/Android/data/com.xingin.xhs/cache/image_manager_disk_cache_static/v2.ols100.1/84/8OYvEPO3-CXWKpUGC0Ilb5EmUc0.cnt",file
"/storage/emulated/0/Android/data/com.xingin.xhs/cache/image_manager_disk_cache_static/v2.ols100.1/43/36U8O6CRRooVXM5m9XggwrWn2hU.cnt",file
"/storage/emulated/0/Android/data/com.xingin.xhs/cache/image_manager_disk_cache_static/v2.ols100.1/25/1qA6QGWwhND6m3DZ3Co7y_xbqJk.cnt",file
"/data/user/0/com.xingin.xhs/files/mmkv/FollowGuideDataCenter 692a7a5d0000000032029587",directory
"/storage/emulated/0/Android/data/com.xingin.xhs/cache/image_manager_disk_cache_static/v2.ols100.1/70",directory
"/data/user/0/com.xingin.xhs/files/mmkv/FollowGuideDataCenter 692a7a5d0000000032029587.crc",directory
"/storage/emulated/0/Android/data/com.xingin.xhs/cache/image_manager_disk_cache_static/v2.ols100.1/70/9m3tNzVeo6tKNUy94m7G0wY30s4.3198031087180643665.tmp",file
"/storage/emulated/0/Android/data/com.xingin.xhs/cache/image_manager_disk_cache_static/v2.ols100.1/73",directory
"/storage/emulated/0/Android/data/com.xingin.xhs/cache/image_manager_disk_cache_static/v2.ols100.1/73/2YndN8bzAW5444j2sG2fFlKPlyM.3066309449919885840.tmp",file
"/storage/emulated/0/Android/data/com.xingin.xhs/cache/image_manager_disk_cache_static/v2.ols100.1/49",directory
"/storage/emulated/0/Android/data/com.xingin.xhs/cache/image_manager_disk_cache_static/v2.ols100.1/92",directory
"/storage/emulated/0/Android/data/com.xingin.xhs/cache/image_manager_disk_cache_static/v2.ols100.1/49/6LQxsin77ZuZ8i_wqH63U9usgk4.7518461219372826945.tmp",file
"/data/user/0/com.xingin.xhs/shared_prefs/FollowGuideDataCenter 692a7a5d0000000032029587.xml",file
"/data/user/0/com.xingin.xhs/shared_prefs/FollowGuideDataCenter 692a7a5d0000000032029587.xml.bak",file
"/storage/emulated/0/Android/data/com.xingin.xhs/cache/image_manager_disk_cache_static/v2.ols100.1/92/AuONIfF_uRj5dvRx2OSfF9jXfp0.8566278917129359480.tmp",file
"/data/user/0/com.xingin.xhs/databases/xhs_remove_repeat.db",file
"/data/user/0/com.xingin.xhs/databases/xhs_remove_repeat.db-wal",file
"/data/user/0/com.xingin.xhs/databases/xhs_remove_repeat.db-shm",file
"/storage/emulated/0/Android/data/com.xingin.xhs/cache/image_manager_disk_cache_static/v2.ols100.1/84",directory
"/storage/emulated/0/Android/data/com.xingin.xhs/cache/image_manager_disk_cache_static/v2.ols100.1/84/8OYvEPO3-CXWKpUGC0Ilb5EmUc0.3913969395998841252.tmp",file
"/storage/emulated/0/Android/data/com.xingin.xhs/cache/preload/stream_1_110_178_01e919b3ab2abe24010370019a8d04685a_178-map",directory
"/storage/emulated/0/Android/data/com.xingin.xhs/cache/preload/stream_1_110_178_01e919b3ab2abe24010370019a8d04685a_178",directory
"/storage/emulated/0/Android/data/com.xingin.xhs/cache/image_manager_disk_cache_static/v2.ols100.1/30",directory
"/storage/emulated/0/Android/data/com.xingin.xhs/cache/image_manager_disk_cache_static/v2.ols100.1/43",directory
"/storage/emulated/0/Android/data/com.xingin.xhs/cache/image_manager_disk_cache_static/v2.ols100.1/30/Ckiri-9hzQO-vuJLPzEYYfoqLVo.7235905998947978289.tmp",file
"/storage/emulated/0/Android/data/com.xingin.xhs/cache/image_manager_disk_cache_static/v2.ols100.1/43/36U8O6CRRooVXM5m9XggwrWn2hU.2060210373727906246.tmp",file
"/storage/emulated/0/Android/data/com.xingin.xhs/cache/image_manager_disk_cache_static/v2.ols100.1/36",directory
"/storage/emulated/0/Android/data/com.xingin.xhs/cache/image_manager_disk_cache_static/v2.ols100.1/36/qP1kUW60C-8Z-DSCeCcj4pRpnTQ.4709658799309657257.tmp",file
"/storage/emulated/0/Android/data/com.xingin.xhs/cache/image_manager_disk_cache_static/v2.ols100.1/25",directory
"/storage/emulated/0/Android/data/com.xingin.xhs/cache/image_manager_disk_cache_static/v2.ols100.1/25/1qA6QGWwhND6m3DZ3Co7y_xbqJk.1931351236261144466.tmp",file
"/storage/emulated/0/Android/data/com.xingin.xhs/cache/image_manager_disk_cache/v2.ols100.1/44/GQHvp5w5AmzEX8XVvPXmVFKY17c.cnt",file
"/storage/emulated/0/Android/data/com.xingin.xhs/cache/image_manager_disk_cache/v2.ols100.1/44",directory
"/storage/emulated/0/Android/data/com.xingin.xhs/cache/image_manager_disk_cache/v2.ols100.1/44/GQHvp5w5AmzEX8XVvPXmVFKY17c.2063598291292806819.tmp",file
"/storage/emulated/0/Android/data/com.xingin.xhs/cache/image_manager_disk_cache/v2.ols100.1/64/e7JgjTcRRQuZ8d2wmw7aIVSxSMM.cnt",file
"/storage/emulated/0/Android/data/com.xingin.xhs/cache/image_manager_disk_cache/v2.ols100.1/64",directory
"/storage/emulated/0/Android/data/com.xingin.xhs/cache/image_manager_disk_cache/v2.ols100.1/64/e7JgjTcRRQuZ8d2wmw7aIVSxSMM.3735177175885032125.tmp",file
"/storage/emulated/0/Android/data/com.xingin.xhs/cache/image_manager_disk_cache/v2.ols100.1/8/nDIdNCv3G872QYOtB-lXS5fz1wc.cnt",file
"/storage/emulated/0/Android/data/com.xingin.xhs/cache/image_manager_disk_cache/v2.ols100.1/80/OylvpoGXlIjIqXmgQHA5dug2lIE.cnt",file
"/storage/emulated/0/Android/data/com.xingin.xhs/cache/image_manager_disk_cache/v2.ols100.1/82/f8ZKPuENhhS4rxTwSRna5RwMn_s.cnt",file
"/storage/emulated/0/Android/data/com.xingin.xhs/cache/image_manager_disk_cache/v2.ols100.1/95/A3YcMQKoL1npRllhQJ3KDlpHCog.cnt",file
"/storage/emulated/0/Android/data/com.xingin.xhs/cache/image_manager_disk_cache/v2.ols100.1/74/VMzFLH4WbYIywIeDQLcdkewHt94.cnt",file
"/storage/emulated/0/Android/data/com.xingin.xhs/cache/image_manager_disk_cache/v2.ols100.1/30/7Y4OCdzMaQuwBKSAL0SxD0Y6dR4.cnt",file
"/storage/emulated/0/Android/data/com.xingin.xhs/cache/image_manager_disk_cache/v2.ols100.1/71/pxmPfpgA8M6PCkgjHcPaqSuohcQ.cnt",file
"/storage/emulated/0/Android/data/com.xingin.xhs/cache/image_manager_disk_cache/v2.ols100.1/95/Sg8jvrFOCRFL7f8kvGIzIKsUKYo.cnt",file
"/storage/emulated/0/Android/data/com.xingin.xhs/cache/image_manager_disk_cache/v2.ols100.1/45/vWwAvsM56z6RlDV7rMnBfcQyuzU.cnt",file
"/data/user/0/com.xingin.xhs/files/mmkv/r10_at_user_info_map",file
"/data/user/0/com.xingin.xhs/files/mmkv/r10_at_user_info_map.crc",file
"/data/user/0/com.xingin.xhs/shared_prefs/r10_at_user_info_map.xml",file
"/data/user/0/com.xingin.xhs/shared_prefs/r10_at_user_info_map.xml.bak",file
"/data/user/0/com.xingin.xhs/files/mmkv/at_users_enable_to_show_of_note",file
"/data/user/0/com.xingin.xhs/files/mmkv/at_users_enable_to_show_of_note.crc",file
"/data/user/0/com.xingin.xhs/shared_prefs/at_users_enable_to_show_of_note.xml",file
"/data/user/0/com.xingin.xhs/shared_prefs/at_users_enable_to_show_of_note.xml.bak",file
"/data/user/0/com.xingin.xhs/files/mmkv/at_users_in_comment_recently",file
"/data/user/0/com.xingin.xhs/files/mmkv/at_users_in_comment_recently.crc",file
"/data/user/0/com.xingin.xhs/shared_prefs/at_users_in_comment_recently.xml",file
"/data/user/0/com.xingin.xhs/shared_prefs/at_users_in_comment_recently.xml.bak",file
"/data/user/0/com.xingin.xhs/shared_prefs/guide_config.xml",file
"/data/user/0/com.xingin.xhs/shared_prefs/guide_config.xml.bak",file
"/data/user/0/com.xingin.xhs/files/mmkv/XYSalvage",file
"/data/user/0/com.xingin.xhs/files/mmkv/XYSalvage.crc",file
"/data/user/0/com.xingin.xhs/files/xhs_font/token_regular.TTF",file
"/data/user/0/com.xingin.xhs/files/xhs_font/token_medium.TTF",file
"/storage/emulated/0/Android/data/com.xingin.xhs/cache/image_manager_disk_cache/v2.ols100.1/71/EF6pclWLzI6OTpI-eKFNJrABnxk.cnt",file
"/storage/emulated/0/Android/data/com.xingin.xhs/cache/image_manager_disk_cache/v2.ols100.1/74/BDUzrR8jVHIpKORq9Fg-bv0o0dU.cnt",file
"/storage/emulated/0/Android/data/com.xingin.xhs/cache/image_manager_disk_cache/v2.ols100.1/37/2ntCVR_98pgoaUznAJU3bptvgaQ.cnt",file
"/storage/emulated/0/Android/data/com.xingin.xhs/cache/image_manager_disk_cache/v2.ols100.1/71",directory
"/storage/emulated/0/Android/data/com.xingin.xhs/cache/image_manager_disk_cache/v2.ols100.1/71/EF6pclWLzI6OTpI-eKFNJrABnxk.5109730670982394922.tmp",file
"/storage/emulated/0/Android/data/com.xingin.xhs/cache/image_manager_disk_cache/v2.ols100.1/37",directory
"/storage/emulated/0/Android/data/com.xingin.xhs/cache/image_manager_disk_cache/v2.ols100.1/37/2ntCVR_98pgoaUznAJU3bptvgaQ.2930330846676813878.tmp",file
"/data/user/0/com.xingin.xhs/databases/localRelationDB",file
"/storage/emulated/0/Android/data/com.xingin.xhs/cache/image_manager_disk_cache/v2.ols100.1/25/f4h4sfyRWMgIAwE4RVxVp6E9pGs.cnt",file
"/storage/emulated/0/Android/data/com.xingin.xhs/cache/image_manager_disk_cache/v2.ols100.1/51/KyjB_hEPuce1rGLcdVNhWJjelBU.cnt",file
"/storage/emulated/0/Android/data/com.xingin.xhs/cache/image_manager_disk_cache/v2.ols100.1/97/XP3BOke-SLGOdpvsyTcwpq_hoOY.cnt",file
"/storage/emulated/0/Android/data/com.xingin.xhs/cache/image_manager_disk_cache/v2.ols100.1/15/e-SFdijCIDloqrKvUHhGKYA5KPs.cnt",file
"/storage/emulated/0/Android/data/com.xingin.xhs/cache/image_manager_disk_cache/v2.ols100.1/93/Tiu8CAUGEu_Xkx8xyBtWUjuwsrE.cnt",file
"/storage/emulated/0/Android/data/com.xingin.xhs/cache/image_manager_disk_cache/v2.ols100.1/25",directory
"/storage/emulated/0/Android/data/com.xingin.xhs/cache/image_manager_disk_cache/v2.ols100.1/25/f4h4sfyRWMgIAwE4RVxVp6E9pGs.4641773606436389105.tmp",file
"/storage/emulated/0/Android/data/com.xingin.xhs/cache/image_manager_disk_cache/v2.ols100.1/15",directory
"/storage/emulated/0/Android/data/com.xingin.xhs/cache/image_manager_disk_cache/v2.ols100.1/93",directory
"/storage/emulated/0/Android/data/com.xingin.xhs/cache/image_manager_disk_cache/v2.ols100.1/93/Tiu8CAUGEu_Xkx8xyBtWUjuwsrE.6292396274117935992.tmp",file
"/storage/emulated/0/Android/data/com.xingin.xhs/cache/image_manager_disk_cache/v2.ols100.1/15/e-SFdijCIDloqrKvUHhGKYA5KPs.2858905737191800965.tmp",file
"/storage/emulated/0/Android/data/com.xingin.xhs/cache/image_manager_disk_cache/v2.ols100.1/97",directory
"/storage/emulated/0/Android/data/com.xingin.xhs/cache/image_manager_disk_cache/v2.ols100.1/51",directory
"/storage/emulated/0/Android/data/com.xingin.xhs/cache/image_manager_disk_cache/v2.ols100.1/97/XP3BOke-SLGOdpvsyTcwpq_hoOY.7550729496911796592.tmp",file
"/storage/emulated/0/Android/data/com.xingin.xhs/cache/image_manager_disk_cache/v2.ols100.1/51/KyjB_hEPuce1rGLcdVNhWJjelBU.6573574682547520820.tmp",file
"/storage/emulated/0/Android/data/com.xingin.xhs/files",directory
"/storage/emulated/0/Android/data/com.xingin.xhs/cache/image_manager_disk_cache/v2.ols100.1/96/UoraDl-mEcCYfFDeFj2BsOPT76M.cnt",file
"/storage/emulated/0/Android/data/com.xingin.xhs/cache/image_manager_disk_cache/v2.ols100.1/1/MHvdtnArgqWavZR1n7iFyh86SP8.cnt",file
"/storage/emulated/0/Android/data/com.xingin.xhs/cache/image_manager_disk_cache/v2.ols100.1/0/zboo9TDv_CM53iVOEcPDooUNMEk.cnt",file
"/storage/emulated/0/Android/data/com.xingin.xhs/cache/image_manager_disk_cache/v2.ols100.1/16/bkuYBQql0P7PZjLE2oKF11SVszw.cnt",file
"/storage/emulated/0/Android/data/com.xingin.xhs/cache/image_manager_disk_cache/v2.ols100.1/41/S__m7DYQ0nXl0hVGq0sCO5BCqWA.cnt",file
"/storage/emulated/0/Android/data/com.xingin.xhs/cache/image_manager_disk_cache/v2.ols100.1/80/Us75CQ7NlD-iwLk9u4IOm9vRPRo.cnt",file
"/storage/emulated/0/Android/data/com.xingin.xhs/cache/image_manager_disk_cache/v2.ols100.1/64/3YVNK5p4NAnzlTFPYtEpCHQZ-EI.cnt",file
"/storage/emulated/0/Android/data/com.xingin.xhs/cache/image_manager_disk_cache/v2.ols100.1/5/umS0O0rf26Q5ewrN0y8pO7m7V3g.cnt",file
"/storage/emulated/0/Android/data/com.xingin.xhs/cache/image_manager_disk_cache/v2.ols100.1/0",directory
"/storage/emulated/0/Android/data/com.xingin.xhs/cache/image_manager_disk_cache/v2.ols100.1/0/zboo9TDv_CM53iVOEcPDooUNMEk.2727929715437218849.tmp",file
"/storage/emulated/0/Android/data/com.xingin.xhs/cache/image_manager_disk_cache/v2.ols100.1/5",directory
"/storage/emulated/0/Android/data/com.xingin.xhs/cache/image_manager_disk_cache/v2.ols100.1/5/umS0O0rf26Q5ewrN0y8pO7m7V3g.4669833460902784490.tmp",file
"/storage/emulated/0/Android/data/com.xingin.xhs/cache/image_manager_disk_cache/v2.ols100.1/16",directory
"/storage/emulated/0/Android/data/com.xingin.xhs/cache/image_manager_disk_cache/v2.ols100.1/16/bkuYBQql0P7PZjLE2oKF11SVszw.8218616580264519429.tmp",file
"/storage/emulated/0/Android/data/com.xingin.xhs/cache/image_manager_disk_cache/v2.ols100.1/96",directory
"/storage/emulated/0/Android/data/com.xingin.xhs/cache/image_manager_disk_cache/v2.ols100.1/64/3YVNK5p4NAnzlTFPYtEpCHQZ-EI.4935414407584088882.tmp",file
"/storage/emulated/0/Android/data/com.xingin.xhs/cache/image_manager_disk_cache/v2.ols100.1/41",directory
"/storage/emulated/0/Android/data/com.xingin.xhs/cache/image_manager_disk_cache/v2.ols100.1/96/UoraDl-mEcCYfFDeFj2BsOPT76M.37903989990729738.tmp",file
"/storage/emulated/0/Android/data/com.xingin.xhs/cache/image_manager_disk_cache/v2.ols100.1/1",directory
"/storage/emulated/0/Android/data/com.xingin.xhs/cache/image_manager_disk_cache/v2.ols100.1/1/MHvdtnArgqWavZR1n7iFyh86SP8.8181805310025896185.tmp",file
"/storage/emulated/0/Android/data/com.xingin.xhs/cache/image_manager_disk_cache/v2.ols100.1/41/S__m7DYQ0nXl0hVGq0sCO5BCqWA.7059170116676382588.tmp",file
"/storage/emulated/0/Android/data/com.xingin.xhs/cache/image_manager_disk_cache/v2.ols100.1/80",directory
"/storage/emulated/0/Android/data/com.xingin.xhs/cache/image_manager_disk_cache/v2.ols100.1/80/Us75CQ7NlD-iwLk9u4IOm9vRPRo.3378029251877952224.tmp",file
"/storage/emulated/0/Android/data/com.xingin.xhs/cache/preload/stream_79_110_114_01e92964c86436a64f0370019ac9b36143_114-map",file
"/data/user/0/com.xingin.xhs/files/AFRequestCache/1765703913938",directory
"/data/user/0/com.xingin.xhs/files/raw_swift_data/7e4f62934f0b2b9077d42996870b1d9f_unzip",directory
"/data/user/0/com.xingin.xhsï¿½ï¿½ï¿½ï¿½ï¿½X",directory
"/data/user/0/com.xingin.xhsï¿½ï¿½ï¿½ï¿½ï¿½ï¿½ï¿½ï¿½ï¿½pï¿½ï¿½ï¿½ï¿½:ï¿½ï¿½ï¿½ï¿½ï¿½ï¿½ï¿½--package-name=com.xingin.xhsï¿½ï¿½ï¿½ï¿½ï¿½ï¿½pï¿½ï¿½ï¿½ï¿½4ï¿½ï¿½ï¿½ï¿½ï¿½ï¿½ï¿½android.app.ActivityThreadï¿½ï¿½ï¿½ï¿½ï¿½ï¿½ï¿½ï¿½ï¿½pï¿½ï¿½ï¿½ï¿½ï¿½ï¿½ï¿½ï¿½ï¿½ï¿½ï¿½seq=454ï¿½ï¿½ï¿½ï¿½pï¿½ï¿½ï¿½ï¿½ï¿½ï¿½ï¿½ï¿½ï¿½ï¿½ï¿½com.xingin.xhsï¿½ï¿½ï¿½ï¿½ï¿½pï¿½ï¿½ï¿½ï¿½ï¿½ï¿½ï¿½pï¿½ï¿½ï¿½ï¿½ï¿½ï¿½ï¿½",directory
"/data/app/com.xingin.xhs-Bcv5je8yGMmBwYcnEkNcsw==/lib/arm64/libreactnativeblob.so",file
"/data/user/0/com.xingin.xhs/files/ï¿½ï¿½ï¿½ï¿½ï¿½ï¿½ï¿½ï¿½ï¿½pï¿½ï¿½ï¿½ï¿½6ï¿½ï¿½ï¿½ï¿½ï¿½apppush-rts.xiaohongshu.comï¿½ï¿½ï¿½ï¿½ï¿½ï¿½ï¿½ï¿½pï¿½ï¿½ï¿½ï¿½Hï¿½ï¿½ï¿½ï¿½ï¿½ï¿½ï¿½194507bc-38fc-32b8-bacc-490c03a9a365ï¿½ï¿½ï¿½ï¿½ï¿½ï¿½ï¿½ï¿½ï¿½ï¿½ï¿½ï¿½",directory
"/cache/webview_com.xingin.xhs",directory
"/data/user/0/com.xingin.xhs/shared_prefs/web_html_resource_rule.xmlï¿½ï¿½ï¿½ï¿½ï¿½ï¿½ï¿½ï¿½pï¿½ï¿½ï¿½ï¿½ï¿½ï¿½ï¿½ï¿½)ï¿½ï¿½ï¿½/data/user/0/com.xingin.xhs/shared_prefs/web_local_h5_resource_package.xmlï¿½ï¿½ï¿½ï¿½ï¿½ï¿½",directory
"/shared_prefs/web_html_resource_rule.xmlï¿½ï¿½ï¿½ï¿½ï¿½ï¿½ï¿½ï¿½pï¿½ï¿½ï¿½ï¿½ï¿½ï¿½ï¿½ï¿½)ï¿½ï¿½ï¿½/data/user/0/com.xingin.xhs/shared_prefs/web_local_h5_resource_package.xmlï¿½ï¿½ï¿½ï¿½ï¿½ï¿½",directory
"/data/user/0/com.xingin.xhs/files/im/im_moji/0/emoji_bundle/animals120.pngï¿½ï¿½ï¿½ï¿½ï¿½ï¿½8ï¿½pï¿½ï¿½ï¿½ï¿½ï¿½ï¿½ï¿½ï¿½ï¿½ï¿½ï¿½ï¿½",directory
"/data/user/0/com.xingin.xhs/files/im/im_moji/0/emoji_bundle/animals48.pngï¿½ï¿½ï¿½ï¿½ï¿½ï¿½ï¿½ï¿½ï¿½ï¿½pï¿½ï¿½ï¿½ï¿½ï¿½ï¿½ï¿½ï¿½ï¿½ï¿½ï¿½ï¿½/data/user/0/com.xingin.xhs/files/im/im_moji/0/emoji_bundle/activity22.pngï¿½ï¿½ï¿½ï¿½ï¿½ï¿½8ï¿½pï¿½ï¿½ï¿½ï¿½ï¿½?ï¿½ï¿½",directory
"/data/user/0/com.xingin.xhs/files/im/im_moji/0/emoji_bundle/animals144.pngï¿½ï¿½ï¿½ï¿½ï¿½ï¿½8ï¿½pï¿½ï¿½ï¿½ï¿½ï¿½?ï¿½@",directory
"/data/user/0/com.xingin.xhs/files/im/im_moji/0/emoji_bundle/activity46.pngï¿½ï¿½ï¿½ï¿½ï¿½ï¿½8ï¿½pï¿½ï¿½ï¿½ï¿½Xï¿½ï¿½ï¿½ï¿½ï¿½ï¿½ï¿½",directory
"/data/user/0/com.xingin.xhs/files/im/im_moji/0/emoji_bundle/symbols12.pngï¿½ï¿½ï¿½ï¿½ï¿½ï¿½ï¿½ï¿½ï¿½ï¿½pï¿½ï¿½ï¿½ï¿½ï¿½ï¿½ï¿½ï¿½ï¿½ï¿½ï¿½ï¿½/data/user/0/com.xingin.xhs/files/im/im_moji/0/emoji_bundle/animals24.pngï¿½ï¿½ï¿½ï¿½ï¿½ï¿½ï¿½ï¿½ï¿½ï¿½pï¿½ï¿½ï¿½ï¿½ï¿½ï¿½ï¿½ï¿½ï¿½ï¿½ï¿½ï¿½/data/user/0/com.xingin.xhs/files/im/im_moji/0/emoji_bundle/animals168.pngï¿½ï¿½ï¿½ï¿½ï¿½ï¿½8ï¿½pï¿½ï¿½ï¿½ï¿½ï¿½ï¿½ï¿½ï¿½ï¿½ï¿½ï¿½ï¿½",directory
"/files/im/im_moji/0/emoji_bundle/animals48.pngï¿½ï¿½ï¿½ï¿½ï¿½ï¿½ï¿½ï¿½ï¿½ï¿½pï¿½ï¿½ï¿½ï¿½ï¿½ï¿½ï¿½ï¿½ï¿½ï¿½ï¿½ï¿½/data/user/0/com.xingin.xhs/files/im/im_moji/0/emoji_bundle/activity22.pngï¿½ï¿½ï¿½ï¿½ï¿½ï¿½8ï¿½pï¿½ï¿½ï¿½ï¿½ï¿½?ï¿½ï¿½",directory
"/files/im/im_moji/0/emoji_bundle/symbols12.pngï¿½ï¿½ï¿½ï¿½ï¿½ï¿½ï¿½ï¿½ï¿½ï¿½pï¿½ï¿½ï¿½ï¿½ï¿½ï¿½ï¿½ï¿½ï¿½ï¿½ï¿½ï¿½/data/user/0/com.xingin.xhs/files/im/im_moji/0/emoji_bundle/animals24.pngï¿½ï¿½ï¿½ï¿½ï¿½ï¿½ï¿½ï¿½ï¿½ï¿½pï¿½ï¿½ï¿½ï¿½ï¿½ï¿½ï¿½ï¿½ï¿½ï¿½ï¿½ï¿½/data/user/0/com.xingin.xhs/files/im/im_moji/0/emoji_bundle/animals168.pngï¿½ï¿½ï¿½ï¿½ï¿½ï¿½8ï¿½pï¿½ï¿½ï¿½ï¿½ï¿½ï¿½ï¿½ï¿½ï¿½ï¿½ï¿½ï¿½",directory
"/data/user/0/com.xingin.xhs/files/capa/data_cache/IMAGE_RECOMMEND_TEMPLATE_1_0_capa_aiï¿½ï¿½8Xï¿½ï¿½ï¿½ï¿½ï¿½hï¿½hï¿½ï¿½ï¿½Phhï¿½qï¿½ï¿½ï¿½ï¿½ï¿½ï¿½chï¿½c`49ï¿½ï¿½ï¿½ï¿½X",directory
"/data/user/0/com.xingin.xhs/files/capa/data_cache/IMAGE_TEMPLATE_CATEGORY_0_1_capa_aiï¿½ï¿½ï¿½8Xï¿½ï¿½ï¿½ï¿½ï¿½hï¿½hï¿½ï¿½ï¿½0hhï¿½qï¿½ï¿½ï¿½ï¿½ï¿½ï¿½chï¿½c`49ï¿½ï¿½ï¿½ï¿½X",directory
"/storage/emulated/0/Android/data/com.xingin.xhs/files/XHS8ï¿½pï¿½ï¿½ï¿½ï¿½Pï¿½ï¿½ï¿½h8uï¿½s",directory
"/Android/data/com.xingin.xhs/files/XHS8ï¿½pï¿½ï¿½ï¿½ï¿½Pï¿½ï¿½ï¿½h8uï¿½s",directory
"/data/com.xingin.xhs/cache/image_manager_disk_cache/v2.ols100.1/25/BMFqrMG5FrzAJMUUtaIEbilOxtM.cntï¿½ï¿½ï¿½/storage/emulated/0/Android/data/com.xingin.xhs/cache/preload/stream_1_110_178_01e92033f02a8d29010370019aaedb12b4_178ï¿½ï¿½mapï¿½ï¿½iï¿½@ï¿½ï¿½ï¿½ï¿½'pï¿½ï¿½ï¿½ï¿½ï¿½ï¿½ï¿½ï¿½ï¿½ï¿½ï¿½ï¿½ï¿½ï¿½ï¿½ï¿½ï¿½ï¿½ï¿½ï¿½ï¿½ï¿½ï¿½ï¿½ï¿½ï¿½ï¿½ï¿½ï¿½ï¿½ï¿½ï¿½ï¿½ï¿½ï¿½ï¿½ï¿½ï¿½ï¿½ï¿½ï¿½ï¿½ï¿½ï¿½ï¿½ï¿½Iï¿½oï¿½ï¿½ï¿½ï¿½ï¿½ï¿½ï¿½ï¿½ï¿½ï¿½ï¿½ï¿½ï¿½oï¿½ï¿½ï¿½ï¿½ï¿½ï¿½ï¿½ï¿½ï¿½ï¿½ï¿½ï¿½ï¿½ï¿½ï¿½ï¿½ï¿½ï¿½ï¿½ï¿½ï¿½ï¿½ï¿½ï¿½ï¿½ï¿½ï¿½ï¿½ï¿½ï¿½ï¿½ï¿½ï¿½ï¿½ï¿½ï¿½ï¿½ï¿½ï¿½ï¿½ï¿½ï¿½ï¿½ï¿½ï¿½ï¿½ï¿½ï¿½ï¿½lï¿½ï¿½ï¿½ï¿½ï¿½ï¿½ï¿½ï¿½ï¿½ï¿½ï¿½ï¿½ï¿½ï¿½ï¿½ï¿½ï¿½ï¿½ï¿½ï¿½ï¿½ï¿½ï¿½ï¿½ï¿½ï¿½ï¿½ï¿½ï¿½ï¿½ï¿½ï¿½ï¿½ï¿½ï¿½ï¿½ï¿½ï¿½ï¿½ï¿½ï¿½ï¿½ï¿½ï¿½ï¿½ï¿½ï¿½ï¿½ï¿½ï¿½ï¿½ï¿½ï¿½ï¿½ï¿½ï¿½ï¿½ï¿½ï¿½ï¿½ï¿½ï¿½ï¿½ï¿½ï¿½ï¿½ï¿½ï¿½ï¿½ï¿½ï¿½ï¿½ï¿½ï¿½ï¿½ï¿½ï¿½ï¿½ï¿½ï¿½ï¿½ï¿½ï¿½ï¿½ï¿½ï¿½ï¿½ï¿½ï¿½ï¿½ï¿½ï¿½ï¿½ï¿½ï¿½ï¿½ï¿½ï¿½ï¿½ï¿½ï¿½ï¿½ï¿½ï¿½ï¿½ï¿½ï¿½ï¿½ï¿½ï¿½ï¿½ï¿½ï¿½ï¿½ï¿½ï¿½ï¿½ï¿½ï¿½ï¿½ï¿½ï¿½ï¿½ï¿½6",directory
"/cache/image_manager_disk_cache/v2.ols100.1/25/BMFqrMG5FrzAJMUUtaIEbilOxtM.cntï¿½ï¿½ï¿½/storage/emulated/0/Android/data/com.xingin.xhs/cache/preload/stream_1_110_178_01e92033f02a8d29010370019aaedb12b4_178ï¿½ï¿½mapï¿½ï¿½iï¿½@ï¿½ï¿½ï¿½ï¿½'pï¿½ï¿½ï¿½ï¿½ï¿½ï¿½ï¿½ï¿½ï¿½ï¿½ï¿½ï¿½ï¿½ï¿½ï¿½ï¿½ï¿½ï¿½ï¿½ï¿½ï¿½ï¿½ï¿½ï¿½ï¿½ï¿½ï¿½ï¿½ï¿½ï¿½ï¿½ï¿½ï¿½ï¿½ï¿½ï¿½ï¿½ï¿½ï¿½ï¿½ï¿½ï¿½ï¿½ï¿½ï¿½ï¿½Iï¿½oï¿½ï¿½ï¿½ï¿½ï¿½ï¿½ï¿½ï¿½ï¿½ï¿½ï¿½ï¿½ï¿½oï¿½ï¿½ï¿½ï¿½ï¿½ï¿½ï¿½ï¿½ï¿½ï¿½ï¿½ï¿½ï¿½ï¿½ï¿½ï¿½ï¿½ï¿½ï¿½ï¿½ï¿½ï¿½ï¿½ï¿½ï¿½ï¿½ï¿½ï¿½ï¿½ï¿½ï¿½ï¿½ï¿½ï¿½ï¿½ï¿½ï¿½ï¿½ï¿½ï¿½ï¿½ï¿½ï¿½ï¿½ï¿½ï¿½ï¿½ï¿½ï¿½lï¿½ï¿½ï¿½ï¿½ï¿½ï¿½ï¿½ï¿½ï¿½ï¿½ï¿½ï¿½ï¿½ï¿½ï¿½ï¿½ï¿½ï¿½ï¿½ï¿½ï¿½ï¿½ï¿½ï¿½ï¿½ï¿½ï¿½ï¿½ï¿½ï¿½ï¿½ï¿½ï¿½ï¿½ï¿½ï¿½ï¿½ï¿½ï¿½ï¿½ï¿½ï¿½ï¿½ï¿½ï¿½ï¿½ï¿½ï¿½ï¿½ï¿½ï¿½ï¿½ï¿½ï¿½ï¿½ï¿½ï¿½ï¿½ï¿½ï¿½ï¿½ï¿½ï¿½ï¿½ï¿½ï¿½ï¿½ï¿½ï¿½ï¿½ï¿½ï¿½ï¿½ï¿½ï¿½ï¿½ï¿½ï¿½ï¿½ï¿½ï¿½ï¿½ï¿½ï¿½ï¿½ï¿½ï¿½ï¿½ï¿½ï¿½ï¿½ï¿½ï¿½ï¿½ï¿½ï¿½ï¿½ï¿½ï¿½ï¿½ï¿½ï¿½ï¿½ï¿½ï¿½ï¿½ï¿½ï¿½ï¿½ï¿½ï¿½ï¿½ï¿½ï¿½ï¿½ï¿½ï¿½ï¿½ï¿½ï¿½ï¿½ï¿½ï¿½ï¿½6",directory
"/Android/data/com.xingin.xhs/cache/image_manager_disk_cache/v2.ols100.1/25/BMFqrMG5FrzAJMUUtaIEbilOxtM.cntï¿½ï¿½ï¿½/storage/emulated/0/Android/data/com.xingin.xhs/cache/preload/stream_1_110_178_01e92033f02a8d29010370019aaedb12b4_178ï¿½ï¿½mapï¿½ï¿½iï¿½@ï¿½ï¿½ï¿½ï¿½'pï¿½ï¿½ï¿½ï¿½ï¿½ï¿½ï¿½ï¿½ï¿½ï¿½ï¿½ï¿½ï¿½ï¿½ï¿½ï¿½ï¿½ï¿½ï¿½ï¿½ï¿½ï¿½ï¿½ï¿½ï¿½ï¿½ï¿½ï¿½ï¿½ï¿½ï¿½ï¿½ï¿½ï¿½ï¿½ï¿½ï¿½ï¿½ï¿½ï¿½ï¿½ï¿½ï¿½ï¿½ï¿½ï¿½Iï¿½oï¿½ï¿½ï¿½ï¿½ï¿½ï¿½ï¿½ï¿½ï¿½ï¿½ï¿½ï¿½ï¿½oï¿½ï¿½ï¿½ï¿½ï¿½ï¿½ï¿½ï¿½ï¿½ï¿½ï¿½ï¿½ï¿½ï¿½ï¿½ï¿½ï¿½ï¿½ï¿½ï¿½ï¿½ï¿½ï¿½ï¿½ï¿½ï¿½ï¿½ï¿½ï¿½ï¿½ï¿½ï¿½ï¿½ï¿½ï¿½ï¿½ï¿½ï¿½ï¿½ï¿½ï¿½ï¿½ï¿½ï¿½ï¿½ï¿½ï¿½ï¿½ï¿½lï¿½ï¿½ï¿½ï¿½ï¿½ï¿½ï¿½ï¿½ï¿½ï¿½ï¿½ï¿½ï¿½ï¿½ï¿½ï¿½ï¿½ï¿½ï¿½ï¿½ï¿½ï¿½ï¿½ï¿½ï¿½ï¿½ï¿½ï¿½ï¿½ï¿½ï¿½ï¿½ï¿½ï¿½ï¿½ï¿½ï¿½ï¿½ï¿½ï¿½ï¿½ï¿½ï¿½ï¿½ï¿½ï¿½ï¿½ï¿½ï¿½ï¿½ï¿½ï¿½ï¿½ï¿½ï¿½ï¿½ï¿½ï¿½ï¿½ï¿½ï¿½ï¿½ï¿½ï¿½ï¿½ï¿½ï¿½ï¿½ï¿½ï¿½ï¿½ï¿½ï¿½ï¿½ï¿½ï¿½ï¿½ï¿½ï¿½ï¿½ï¿½ï¿½ï¿½ï¿½ï¿½ï¿½ï¿½ï¿½ï¿½ï¿½ï¿½ï¿½ï¿½ï¿½ï¿½ï¿½ï¿½ï¿½ï¿½ï¿½ï¿½ï¿½ï¿½ï¿½ï¿½ï¿½ï¿½ï¿½ï¿½ï¿½ï¿½ï¿½ï¿½ï¿½ï¿½ï¿½ï¿½ï¿½ï¿½ï¿½ï¿½ï¿½ï¿½ï¿½6",directory
"/data/data/com.xingin.xhsï¿½ï¿½ï¿½ï¿½ï¿½ï¿½ï¿½@Hï¿½pï¿½ï¿½ï¿½!ï¿½ï¿½}ï¿½Ú½!ï¿½ï¿½}ï¿½Ú½ï¿½lï¿½ï¿½pï¿½ï¿½ï¿½ï¿½ï¿½ï¿½ï¿½ï¿½ï¿½ï¿½ï¿½Õï¿½#R)È6ï¿½oï¿½ï¿½ï¿½ï¿½ï¿½ï¿½ï¿½ï¿½ï¿½ï¿½ï¿½ï¿½ï¿½ï¿½pï¿½ï¿½ï¿½e`Z.ï¿½ï¿½Fe`Z.ï¿½ï¿½F@oï¿½ï¿½pï¿½ï¿½ï¿½@ï¿½ï¿½ï¿½pï¿½ï¿½ï¿½ï¿½oTï¿½ï¿½ï¿½ï¿½ï¿½oTï¿½ï¿½ï¿½ï¿½ï¿½qï¿½ï¿½pï¿½ï¿½ï¿½`ï¿½ï¿½ï¿½pï¿½ï¿½ï¿½ï¿½%æ·½Hï¿½%æ·½Hï¿½sï¿½ï¿½pï¿½ï¿½ï¿½ï¿½Hï¿½pï¿½ï¿½ï¿½{ï¿½ï¿½A{ï¿½ï¿½A0vï¿½ï¿½pï¿½ï¿½ï¿½ï¿½ï¿½ï¿½ï¿½pï¿½ï¿½ï¿½ï¿½'Eï¿½Zï¿½ï¿½Þ…'Eï¿½Zï¿½ï¿½Þ€xï¿½ï¿½pï¿½ï¿½ï¿½`ï¿½ï¿½ï¿½pï¿½ï¿½ï¿½Ý›9ï¿½7ï¿½9Ý›9ï¿½7ï¿½9ï¿½zï¿½ï¿½pï¿½ï¿½ï¿½ï¿½ï¿½ï¿½ï¿½pï¿½ï¿½ï¿½ï¿½;7bnE.ï¿½;7bnE.",directory
"/data/app/com.xingin.xhs-Bcv5je8yGMmBwYcnEkNcsw==/lib/arm64ï¿½ï¿½ï¿½ï¿½ï¿½ï¿½ï¿½ï¿½pï¿½ï¿½ï¿½ï¿½ï¿½ï¿½ï¿½ï¿½ï¿½ï¿½ï¿½ï¿½ï¿½ï¿½ï¿½ï¿½ï¿½ï¿½ï¿½ï¿½ï¿½ï¿½ï¿½ï¿½ï¿½ï¿½ï¿½ï¿½ï¿½ï¿½ï¿½ï¿½ï¿½ï¿½ï¿½ï¿½ï¿½ï¿½ï¿½ï¿½ï¿½ï¿½ï¿½ï¿½ï¿½ï¿½ï¿½ï¿½ï¿½ï¿½ï¿½ï¿½ï¿½ï¿½ï¿½ï¿½ï¿½ï¿½/system/lib64/vndk-sp-29/hw/android.hidl.memory@1.0-impl.soï¿½ï¿½ï¿½ï¿½ï¿½ï¿½ï¿½ï¿½ï¿½ï¿½ï¿½ï¿½",directory
"/storage/emulated/0/Android/data/com.xingin.xhs/files/capture",directory
"/storage/emulated/0/Android/data/com.xingin.xhs/cache/fontDev",directory
"/data/user/0/com.xingin.xhs/files/rnbundle_072/lancer-slim/business.android.jsbundle.hbc",file
"/data/user/0/com.xingin.xhs/files/rnbundle_072/lancer-slim",directory
"/data/user/0/com.xingin.xhs/files/rnbundle_072/hammer-app/main.android.jsbundle.hbc",file
"/data/user/0/com.xingin.xhs/files/rnbundle_072/hammer-app",directory
"/storage/emulated/0/Android/data/com.xingin.xhs/cache/xypullsdk/raw_data",directory
"/storage/emulated/0/Android/data/com.xingin.xhs/cache/pullsdk_cache",directory
"/storage/emulated/0/Android/data/com.xingin.xhs/cache/xhs_webView_resource",directory
"/data/user/0/com.xingin.xhs/files/capa/cny_tti/4C1473FAB5C1B93D6B6262AF5BBA2F27",directory
"/data/user/0/com.xingin.xhs/files/capa/cny_tti/104100oo30tutgbu0kq0652jqinr87oo004lkshblbbghk.zip",file
"/data/user/0/com.xingin.xhs/files/SwanWebViewSo.zip",file
"/data/user/0/com.xingin.xhs/databases/json_tracker",file
"/data/user/0/com.xingin.xhs/databases/json_tracker-wal",file
"/data/user/0/com.xingin.xhs/databases/json_tracker-shm",file
"/data/user/0/com.xingin.xhs/databases/json_tracker-journal",file
"/data/user/0/com.xingin.xhs/files/wxa_dynamic_pkg_release_arm64-v8a.zip",file
"/data/user/0/com.xingin.xhs/files/rnBundle_069",directory
"/storage/emulated/0/Android/data/com.xingin.xhs/files/capa/effect_resource",directory
"/storage/emulated/0/Android/data/com.xingin.xhs/files/XHS",directory
"/storage/emulated/0/Android/data/com.xingin.xhs/files/XHS/.nomedia",file
"/storage/emulated/0/Android/data/com.xingin.xhs/cache/petalCache",directory
"/data/user/0/com.xingin.xhs/files/libj2v8_6.2.0_x64.so",file
"/data/user/0/com.xingin.xhs/files/libj2v8_6.2.0_x32.so",file
"/data/user/0/com.xingin.xhs/files/wxa_dynamic_pkg_release_armeabi-v7a.zip",file
"/storage/emulated/0/Android/data/com.xingin.xhs/cache/petalPreCache",directory
"/data/user/0/com.xingin.xhs/app_petal",directory
"/storage/emulated/0/Android/data/com.xingin.xhs/cache/redcache_a",directory
"/data/user/0/com.xingin.xhs/files/grayupdate/patch/xhs_apk_patch",directory
"/data/user/0/com.xingin.xhs/files/grayupdate/patch/merged_apk",directory
"/data/user/0/com.xingin.xhs/files/grayupdate/apk/complete_apk.apk",file
"/data/user/0/com.xingin.xhs/files/grayupdate/apk/complete_apk.apk.temp",directory
"/data/user/0/com.xingin.xhs/files/grayupdate/patch/xhs_apk_patch.temp",directory
"/data/user/0/com.xingin.xhs/files/files/grayupdate/apk",file
"/storage/emulated/0/Android/data/com.xingin.xhs/cache/redcache_b",directory
"/data/user/0/com.xingin.xhs/files/files/grayupdate/patch",directory
"/storage/emulated/0/Android/data/com.xingin.xhs/cache/files",directory
"/storage/emulated/0/Android/data/com.xingin.xhs/cache/homefeed/redcache_a",directory
"/storage/emulated/0/Android/data/com.xingin.xhs/cache/homefeed/redcache_b",directory
"/storage/emulated/0/Android/data/com.xingin.xhs/cache/hey/redcache_a",directory
"/data/user/0/com.xingin.xhs/files/red-mp",directory
"/storage/emulated/0/Android/data/com.xingin.xhs/files/Pictures",directory
"/storage/emulated/0/Android/data/com.xingin.xhs/files/reactrescache",directory
"/storage/emulated/0/Android/data/com.xingin.xhs/files/bitmap_utils",directory
"/storage/emulated/0/Android/data/com.xingin.xhs/files/xy_dsl_templates",directory
"/storage/emulated/0/Android/data/com.xingin.xhs/files/capa",directory
"/storage/emulated/0/Android/data/com.xingin.xhs/files/capa_preload",directory
"/storage/emulated/0/Android/data/com.xingin.xhs/files/oom_dump",directory
"/storage/emulated/0/Android/data/com.xingin.xhs/files/video_template",directory
"/storage/emulated/0/Android/data/com.xingin.xhs/files/rescache",directory
"/storage/emulated/0/Android/data/com.xingin.xhs/files/raw_swift_data",directory
"/storage/emulated/0/Android/data/com.xingin.xhs/files/tencent",directory
"/storage/emulated/0/Android/data/com.xingin.xhs/files/prefetchresource",directory
"/storage/emulated/0/Android/data/com.xingin.xhs/files/capa_sticker_preload",directory
"/storage/emulated/0/Android/data/com.xingin.xhs/files/chat_documents",directory
"/data/user/0/com.xingin.xhs/files/rnBundle_059",directory
"/data/user/0/com.xingin.xhs/cache/xhs_webView_resource",directory
"/storage/emulated/0/Android/data/com.xingin.xhs/files/capa_temp",directory
"/data/user/0/com.xingin.xhs/shared_prefs/WebViewUA.xml",file
"/data/user/0/com.xingin.xhs/shared_prefs/WebViewUA.xml.bak",file
"/data/user/0/com.xingin.xhs/files/AFRequestCache/1765703570459",directory